-- 
-- Export data in the table `pb_adses`
-- 

INSERT INTO `pb_adses` (`id`, `adzone_id`, `title`, `description`, `is_image`, `source_name`, `source_type`, `source_url`, `target_url`, `width`, `height`, `alt_words`, `start_date`, `end_date`, `priority`, `clicked`, `target`, `seq`, `state`, `status`, `picture_replace`, `created`, `modified`) VALUES (1, 1, 'GIF', 'Sample Ad1', 1, '', 'image/gif', 'attachment/sample/default/blue.gif', '', 152, 52, '', 0, 0, 0, 1, '_blank', 0, 1, 1, '', unix_timestamp(now()), 0);
INSERT INTO `pb_adses` (`id`, `adzone_id`, `title`, `description`, `is_image`, `source_name`, `source_type`, `source_url`, `target_url`, `width`, `height`, `alt_words`, `start_date`, `end_date`, `priority`, `clicked`, `target`, `seq`, `state`, `status`, `picture_replace`, `created`, `modified`) VALUES (2, 1, 'JPG', 'Sample Ad2', 1, '', 'image/gif', 'attachment/sample/default/blue.gif', '', 152, 52, '', 0, 0, 0, 1, '_blank', 0, 1, 1, '', unix_timestamp(now()), 0);
INSERT INTO `pb_adses` (`id`, `adzone_id`, `title`, `description`, `is_image`, `source_name`, `source_type`, `source_url`, `target_url`, `width`, `height`, `alt_words`, `start_date`, `end_date`, `priority`, `clicked`, `target`, `seq`, `state`, `status`, `picture_replace`, `created`, `modified`) VALUES (3, 1, 'PNG', 'Sample Ad3', 1, '', 'image/gif', 'attachment/sample/default/blue.gif', '', 152, 52, '', 0, 0, 0, 1, '_blank', 0, 1, 1, '', unix_timestamp(now()), 0);
INSERT INTO `pb_adses` (`id`, `adzone_id`, `title`, `description`, `is_image`, `source_name`, `source_type`, `source_url`, `target_url`, `width`, `height`, `alt_words`, `start_date`, `end_date`, `priority`, `clicked`, `target`, `seq`, `state`, `status`, `picture_replace`, `created`, `modified`) VALUES (4, 1, 'Sample Ad4', '', 1, '', 'image/gif', 'attachment/sample/default/blue.gif', '', 152, 52, '', 0, 0, 0, 1, '_blank', 0, 1, 1, '', unix_timestamp(now()), 0);
INSERT INTO `pb_adses` (`id`, `adzone_id`, `title`, `description`, `is_image`, `source_name`, `source_type`, `source_url`, `target_url`, `width`, `height`, `alt_words`, `start_date`, `end_date`, `priority`, `clicked`, `target`, `seq`, `state`, `status`, `picture_replace`, `created`, `modified`) VALUES (5, 1, 'Sample Ad5', 'PNG', 1, '', 'image/gif', 'attachment/sample/default/blue.gif', '', 152, 52, '', 0, 0, 0, 1, '_blank', 0, 1, 1, '', unix_timestamp(now()), 0);
INSERT INTO `pb_adses` (`id`, `adzone_id`, `title`, `description`, `is_image`, `source_name`, `source_type`, `source_url`, `target_url`, `width`, `height`, `alt_words`, `start_date`, `end_date`, `priority`, `clicked`, `target`, `seq`, `state`, `status`, `picture_replace`, `created`, `modified`) VALUES (6, 1, 'Sample Ad6', '', 1, '', 'image/gif', 'attachment/sample/default/blue.gif', '', 152, 52, '', 0, 0, 0, 1, '_blank', 0, 1, 1, '', unix_timestamp(now()), 0);
INSERT INTO `pb_adses` (`id`, `adzone_id`, `title`, `description`, `is_image`, `source_name`, `source_type`, `source_url`, `target_url`, `width`, `height`, `alt_words`, `start_date`, `end_date`, `priority`, `clicked`, `target`, `seq`, `state`, `status`, `picture_replace`, `created`, `modified`) VALUES (7, 2, 'E-commerce platform for next-generation industry', '', 1, '', 'image/pjpeg', 'attachment/sample/example_958.jpg', 'http://www.phpb2b.com', 958, 62, '', unix_timestamp(now()), 0, 0, 1, '_blank', 0, 1, 1, 'attachment/sample/example_958.jpg', unix_timestamp(now()), 0);
INSERT INTO `pb_adses` (`id`, `adzone_id`, `title`, `description`, `is_image`, `source_name`, `source_type`, `source_url`, `target_url`, `width`, `height`, `alt_words`, `start_date`, `end_date`, `priority`, `clicked`, `target`, `seq`, `state`, `status`, `picture_replace`, `created`, `modified`) VALUES (8, 3, 'Advertising Opportunities', '', 1, '', 'image/pjpeg', 'attachment/sample/breathe-offer1.jpg', '', 477, 170, '', unix_timestamp(now()), 0, 0, 1, '_blank', 0, 1, 1, 'images/nopicture_small.gif', unix_timestamp(now()), 0);
INSERT INTO `pb_adses` (`id`, `adzone_id`, `title`, `description`, `is_image`, `source_name`, `source_type`, `source_url`, `target_url`, `width`, `height`, `alt_words`, `start_date`, `end_date`, `priority`, `clicked`, `target`, `seq`, `state`, `status`, `picture_replace`, `created`, `modified`) VALUES (9, 3, 'Welcome Register', 'Registration', 1, '', 'image/pjpeg', 'attachment/sample/breathe-offer2.jpg', '', 477, 170, '', unix_timestamp(now()), unix_timestamp(now())+86400, 0, 1, '_blank', 0, 1, 1, 'images/nopicture_small.gif', unix_timestamp(now()), 0);
INSERT INTO `pb_adses` (`id`, `adzone_id`, `title`, `description`, `is_image`, `source_name`, `source_type`, `source_url`, `target_url`, `width`, `height`, `alt_words`, `start_date`, `end_date`, `priority`, `clicked`, `target`, `seq`, `state`, `status`, `picture_replace`, `created`, `modified`) VALUES (15, 4, 'Home Big Picture', '', 1, '', 'image/pjpeg', 'attachment/sample/breathe-product1.jpg', '', 500, 200, '', unix_timestamp(now()), 0, 0, 1, '_blank', 0, 1, 1, 'images/nopicture_small.gif', unix_timestamp(now()), 0);
INSERT INTO `pb_adses` (`id`, `adzone_id`, `title`, `description`, `is_image`, `source_name`, `source_type`, `source_url`, `target_url`, `width`, `height`, `alt_words`, `start_date`, `end_date`, `priority`, `clicked`, `target`, `seq`, `state`, `status`, `picture_replace`, `created`, `modified`) VALUES (16, 5, 'Home Big Picture', '', 1, '', 'image/pjpeg', 'attachment/sample/breathe-index1.jpg', '', 500, 200, '', unix_timestamp(now()), 0, 0, 1, '_blank', 0, 1, 1, 'images/nopicture_small.gif', unix_timestamp(now()), 0);
INSERT INTO `pb_adses` (`id`, `adzone_id`, `title`, `description`, `is_image`, `source_name`, `source_type`, `source_url`, `target_url`, `width`, `height`, `alt_words`, `start_date`, `end_date`, `priority`, `clicked`, `target`, `seq`, `state`, `status`, `picture_replace`, `created`, `modified`) VALUES (18, 4, 'Sign up business opportunities', '', 1, '', 'image/pjpeg', 'attachment/sample/breathe-product2.jpg', '', 570, 170, '', unix_timestamp(now()), 0, 0, 1, '_blank', 0, 1, 1, 'images/nopicture_small.gif', unix_timestamp(now()), 0);
INSERT INTO `pb_adses` (`id`, `adzone_id`, `title`, `description`, `is_image`, `source_name`, `source_type`, `source_url`, `target_url`, `width`, `height`, `alt_words`, `start_date`, `end_date`, `priority`, `clicked`, `target`, `seq`, `state`, `status`, `picture_replace`, `created`, `modified`) VALUES (17, 5, 'Member Advertising', 'asdf', 1, '', 'image/pjpeg', 'attachment/sample/breathe-index2.jpg', '', 500, 200, '', unix_timestamp(now()), 0, 0, 1, '_blank', 0, 1, 1, 'images/nopicture_small.gif', unix_timestamp(now()), 0);

-- 
-- Export data in the table `pb_adzones`
-- 

INSERT INTO `pb_adzones` (`id`, `membergroup_ids`, `what`, `style`, `name`, `description`, `additional_adwords`, `price`, `file_name`, `width`, `height`, `wrap`, `max_ad`, `created`, `modified`) VALUES 
(1, '8,9', '1', 0, 'Home at the top of a small image ads', '6 picture line, Home Show', '', '1,234Yuan /month', 'index.php', 760, 52, 6, 12, 0, 1261133418),
(2, '0', '2', 0, 'Home banner ads', 'Free open-source, supports multiple languages, PHPB2B a new generation of e-commerce application platform', '<script type="text/javascript"><!--\\r\\ngoogle_ad_client = "pub-3644891845756714";\\r\\n/* This is a ad sample, change it in admin panel */\\r\\ngoogle_ad_slot = "2369135211";\\r\\ngoogle_ad_width = 728;\\r\\ngoogle_ad_height = 90;\\r\\n//--></script>\\r\\n<script type="text/javascript"src="http://pagead2.googlesyndication.com/pagead/show_ads.js"></script>\\r\\n', '3000', 'index.php', 958, 62, 0, 0, 1265678633, 1273158424),
(3, '', '1', 1, 'Home Advertising Opportunities', 'Look for business opportunities home', '', '1000', '', 380, 270, 0, 0, 1271760815, 1273157527),
(4, '', '1', 1, 'Product Home Advertising', '', '', '', '', 570, 170, 0, 0, 1272349339, 1273157343),
(5, '', '1', 1, 'Home Big Picture Advertising', 'Home Publicity', '', '', '', 473, 170, 0, 0, 1273156673, 1273157006);

-- 
-- Export data in the table `pb_companies`
-- 

INSERT INTO `pb_companies` VALUES (1, 1, 'admin', 10, 0, '', 1, 11, 24, '1', '2', '3', 2, 'Ualink E-Commerce', 'PHPB2B', 'UALINK', '', 'Steven chow', '4', 3, 1, 'a:1:{s:12:"templet_name";b:0;}', 'Beijing Bank', '12342143', 'Ualink', '4', '975542400', 5, 'Beijing', 'Beijing City', '100010', 'Ualink', '', 'Beijing City', '', 'Stevenchow', 1, 4, '(086)10-84128912', '(086)10-84128912', '13012345678', 'service@phpb2b.com', 'http://www.phpb2b.com/', 'sample/company/1.jpg', 1, 'Z', 1, 1, unix_timestamp(now()), unix_timestamp(now()));

-- 
-- Export data in the table `pb_membertypes`
-- 

INSERT INTO `pb_membertypes` VALUES (1, 7, 'Individual Member', '');
INSERT INTO `pb_membertypes` VALUES (2, 9, 'Corporate Member', '');

-- 
-- Export data in the table `pb_friendlinktypes`
-- 

INSERT INTO `pb_friendlinktypes` VALUES (1, 'Links');
INSERT INTO `pb_friendlinktypes` VALUES (2, 'Partners');

-- 
-- Export data in the table `pb_memberfields`
-- 

INSERT INTO `pb_memberfields` VALUES (1, 0, 0, 6, 7, 9, 'steven', 'chow', 1, '', '', '', '', '','', '', '', '', '', '', '', '', '127.0.0.1');
INSERT INTO `pb_memberfields` VALUES (2, 0, 0, 0, 0, 0, 'lucky', 'liu', 0, '', '', '', '', '','', '', '', '', '', '', '', '', '127.0.0.1');

-- 
-- Export data in the table `pb_members`
-- 

INSERT INTO `pb_members` VALUES (1, 'admin', 1, 'admin', '77963b7a931377ad4ab5ad6a9cd718aa', 'administrator@host.com', 77, 128, 0.00, '1,2', '1', '', 2, 10, unix_timestamp(now()), '', unix_timestamp(now()), unix_timestamp(now())+86400, 0, unix_timestamp(now()), 0);
INSERT INTO `pb_members` VALUES (2, 'athena', 1, 'athena', 'e10adc3949ba59abbe56e057f20f883e', 'phpb2b@163.com', 81, 80, 0.00, '1,2', '1', '', 2, 9, unix_timestamp(now()), '2130706433', unix_timestamp(now()), unix_timestamp(now())+86400, 0, unix_timestamp(now()), 0);

-- 
-- Export data in the table `pb_navs`
-- 

INSERT INTO `pb_navs` (`id`, `parent_id`, `name`, `description`, `url`, `target`, `status`, `display_order`, `highlight`, `level`, `class_name`, `created`, `modified`) VALUES 
(1, 0, 'Home', '', 'index.php', '_self', 1, 1, 0, 0, '', unix_timestamp(now()), 0),
(2, 0, 'Buyer', '', 'buy/', '_self', 1, 2, 0, 0, '', unix_timestamp(now()), 0),
(3, 0, 'Seller', '', 'sell/', '_self', 1, 3, 0, 0, '', unix_timestamp(now()), 0),
(4, 0, 'Wholesale', '', 'offer/list.php?typeid=7&navid=4', '_self', 1, 4, 0, 0, '', unix_timestamp(now()), 0),
(5, 0, 'Price', '', 'product/price.php', '_self', 1, 5, 0, 0, '', unix_timestamp(now()), 0),
(6, 0, 'Quote', '', 'market/quote.php', '_self', 1, 7, 0, 0, '', unix_timestamp(now()), 0),
(7, 0, 'Market', '', 'market/index.php', '_self', 1, 8, 0, 0, '', unix_timestamp(now()), 0),
(8, 0, 'Fair', '', 'fair/index.php', '_self', 1, 9, 0, 0, '', unix_timestamp(now()), 0),
(9, 0, 'Jobs', '', 'hr/index.php', '_self', 1, 10, 0, 0, '', unix_timestamp(now()), 0),
(10, 0, 'Brands', '', 'brand.php', '_self', 1, 6, 0, 0, '', unix_timestamp(now()), 0),
(11, 0, 'Dictionay', '', 'dict/', '_self', 1, 11, 0, 0, '', unix_timestamp(now()), 0);

-- 
-- Export data in the table `pb_plugins`
-- 

INSERT INTO `pb_plugins` (`id`, `name`, `title`, `description`, `copyright`, `version`, `pluginvar`, `available`, `created`, `modified`) VALUES 
(1, 'hello', 'Demo plug-ins', 'This is a demo version', 'PB TEAM', '1.0', 'a:5:{s:5:"movie";s:24:"plugins/hello/bcastr.swf";s:5:"width";s:3:"473";s:6:"height";s:3:"170";s:7:"bgcolor";s:7:"#ff0000";s:9:"flashvars";s:27:"xml=plugins/hello/hello.xml";}', 1, unix_timestamp(now()), 0),
(2, 'googlesitemap', 'Googlesitemap', 'Use Google sitemap Can improve the site/Pages SERP The ranking of', 'PB TEAM', '1.0', 'a:1:{s:7:"lastmod";s:19:"2009-12-08 12:12:12";}', 1, 1260263957, 1260263957),
(3, 'vcastr', 'Enterprise Video YellowPage', 'This plug-in can call the corporate video, use the method see the plug-in called:<{plugin name="vcastr"}>', 'PB TEAM', '1.0', 'a:5:{s:5:"movie";s:27:"plugins/vcastr/vcastr22.swf";s:9:"flashvars";s:24:"plugins/vcastr/video.xml";s:5:"width";s:3:"410";s:6:"height";s:3:"190";s:10:"flashtitle";s:6:"PHPB2B";}', 1, unix_timestamp(now()), 0),
(4, 'qqservice', 'QQ online Service', 'This plug-in now support online QQ, MSN, and mail services online', 'PB TEAM', '1.0', 'a:4:{s:3:"url";s:22:"http://www.phpb2b.com/";s:5:"email";s:17:"steven@phpb2b.com";s:2:"qq";s:8:"47731473";s:3:"msn";s:21:"stevenchow811@163.com";}', 1, unix_timestamp(now()), 0),
(5, 'baidusitemap', 'Baidu sitemap', 'Baidu Internet forum using open protocols can increase your site traffic', 'PB TEAM', '1.0', '', 1, unix_timestamp(now()), 0),
(6, 'okqq', 'QQ online Service', 'QQ online Service', 'PB TEAM', '1.0', NULL, 1, unix_timestamp(now()), 0),
(7, 'card', 'Business card', 'By flash Reveal Business card，Call the method:<{plugin name="card"}>', 'PB_TEAM', '1.0.0', NULL, 1, unix_timestamp(now()), 0),
(8, 'translate', 'Google Translation Plugin', 'Use Google translation plugin, the establishment of timely translation website', 'PB TEAM', '1.0', NULL, 1, unix_timestamp(now()), 0),
(9, 'googlemap', 'Googlemap Map', 'Use Google map Company Map', 'PB TEAM', '1.0', 'a:6:{s:3:"key";s:86:"ABQIAAAAnfs7bKE82qgb3Zc2YyS-oBT2yXp_ZAY8_ufC3CFXhHIE1NvwkxSySz_REpPq-4WZA27OwgbtyR3VcA";s:9:"zoomlevel";s:2:"15";s:5:"width";s:3:"500";s:6:"height";s:3:"500";s:3:"lat";s:18:"29.264911735066963";s:3:"lng";s:18:"120.24544715881347";}', 1, unix_timestamp(now()), 0),
(10, 'video', 'Video player plug-in', 'Video player plug-in，Use JW Player.', 'PB_TEAM', '1.0.0', 'a:4:{s:5:"movie";s:24:"plugins/video/player.swf";s:5:"width";s:3:"473";s:6:"height";s:3:"170";s:7:"bgcolor";s:7:"#ff0000";}', 1, unix_timestamp(now()), 0);

-- 
-- Export data in the table `pb_settings`
-- 

INSERT INTO `pb_settings` (variable,valued) VALUES ('site_name', 'Ualink E-Commerce Site');
INSERT INTO `pb_settings` (variable,valued) VALUES ('site_title', 'Title Of Ualink E-Commerce Site');
INSERT INTO `pb_settings` (variable,valued) VALUES ('site_banner_word', 'The most professional e-commerce website industry');
INSERT INTO `pb_settings` (variable,valued) VALUES ('company_name', 'Web site copyright');
INSERT INTO `pb_settings` (variable,valued) VALUES ('site_url', 'http://www.host.com/');
INSERT INTO `pb_settings` (variable,valued) VALUES ('icp_number', 'ICP Number');
INSERT INTO `pb_settings` (variable,valued) VALUES ('service_tel', '(86)10-84128912');
INSERT INTO `pb_settings` (variable,valued) VALUES ('sale_tel', '(86)10-84128912');
INSERT INTO `pb_settings` (variable,valued) VALUES ('service_qq', '100864825');
INSERT INTO `pb_settings` (variable,valued) VALUES ('service_msn', 'service@host.com');
INSERT INTO `pb_settings` (variable,valued) VALUES ('service_email', 'service@host.com');
INSERT INTO `pb_settings` (type_id,variable,valued) VALUES (1,'site_description', 'Site detailed description of the');
INSERT INTO `pb_settings` (variable,valued) VALUES ('cp_picture', '0');
INSERT INTO `pb_settings` (variable,valued) VALUES ('register_picture', '0');
INSERT INTO `pb_settings` (variable,valued) VALUES ('login_picture', '0');
INSERT INTO `pb_settings` (variable,valued) VALUES ('vispost_auth', '1');
INSERT INTO `pb_settings` (variable,valued) VALUES ('watermark', '1');
INSERT INTO `pb_settings` (variable,valued) VALUES ('watertext', 'athena');
INSERT INTO `pb_settings` (variable,valued) VALUES ('watercolor', '#990000');
INSERT INTO `pb_settings` (variable,valued) VALUES ('add_market_check', '1');
INSERT INTO `pb_settings` (variable,valued) VALUES ('regcheck', '0');
INSERT INTO `pb_settings` (variable,valued) VALUES ('vis_post', '1');
INSERT INTO `pb_settings` (variable,valued) VALUES ('vis_post_check', '1');
INSERT INTO `pb_settings` (variable,valued) VALUES ('sell_logincheck', '1');
INSERT INTO `pb_settings` (variable,valued) VALUES ('buy_logincheck', '0');
INSERT INTO `pb_settings` (variable,valued) VALUES ('install_dateline', unix_timestamp(now()));
INSERT INTO `pb_settings` (variable,valued) VALUES ('last_backup', unix_timestamp(now()));
INSERT INTO `pb_settings` (variable,valued) VALUES ('smtp_server', 'smtp.yourdomain.com');
INSERT INTO `pb_settings` (variable,valued) VALUES ('smtp_port', '25');
INSERT INTO `pb_settings` (variable,valued) VALUES ('smtp_auth', '1');
INSERT INTO `pb_settings` (variable,valued) VALUES ('mail_from', 'administrator@host.com');
INSERT INTO `pb_settings` (variable,valued) VALUES ('mail_fromwho', 'Webmaster');
INSERT INTO `pb_settings` (variable,valued) VALUES ('auth_username', 'administrator@host.com');
INSERT INTO `pb_settings` (variable,valued) VALUES ('auth_password', 'password');
INSERT INTO `pb_settings` (variable,valued) VALUES ('send_mail', '2');
INSERT INTO `pb_settings` (variable,valued) VALUES ('sendmail_silent', '1');
INSERT INTO `pb_settings` (variable,valued) VALUES ('mail_delimiter', '0');
INSERT INTO `pb_settings` (variable,valued) VALUES ('reg_filename', 'register.php');
INSERT INTO `pb_settings` (variable,valued) VALUES ('new_userauth', '0');
INSERT INTO `pb_settings` (variable,valued) VALUES ('post_filename', 'post.php');
INSERT INTO `pb_settings` (variable,valued) VALUES ('forbid_ip', '');
INSERT INTO `pb_settings` (variable,valued) VALUES ('ip_reg_sep', '0');
INSERT INTO `pb_settings` (variable,valued) VALUES ('backup_dir', 'AbCdE');
INSERT INTO `pb_settings` (variable,valued) VALUES ('capt_logging', '0');
INSERT INTO `pb_settings` (variable,valued) VALUES ('capt_register', '1');
INSERT INTO `pb_settings` (variable,valued) VALUES ('capt_post_free', '0');
INSERT INTO `pb_settings` (variable,valued) VALUES ('capt_add_market', '1');
INSERT INTO `pb_settings` (variable,valued) VALUES ('capt_login_admin', '0');
INSERT INTO `pb_settings` (variable,valued) VALUES ('capt_apply_friendlink', '1');
INSERT INTO `pb_settings` (variable,valued) VALUES ('capt_service', '1');
INSERT INTO `pb_settings` (variable,valued) VALUES ('backup_type', '1');
INSERT INTO `pb_settings` (variable,valued) VALUES ('register_type', 'open_common_reg');
INSERT INTO `pb_settings` (variable,valued) VALUES ('auth_key', '');
INSERT INTO `pb_settings` (variable,valued) VALUES ('keyword_bidding', '0');
INSERT INTO `pb_settings` (variable,valued) VALUES ('passport_support', '0');
INSERT INTO `pb_settings` (variable,valued) VALUES ('site_logo', 'images/logo.jpg');

-- 
-- Export data in the table `pb_friendlinks`
-- 

INSERT INTO `pb_friendlinks` VALUES (1, 1, 0, 0, 'Ualink', '', 'http://www.phpb2b.com/', 0, 1, '', unix_timestamp(now()), 0);
INSERT INTO `pb_friendlinks` VALUES (2, 2, 0, 0, 'Ualink E-commerce Web Demo', '', 'http://demo.phpb2b.com/', 0, 1, '', unix_timestamp(now()), 0);

-- 
-- Export data in the table `pb_tradetypes`
-- 

INSERT INTO `pb_tradetypes` VALUES (1,0, 'Buy', 1,0);
INSERT INTO `pb_tradetypes` VALUES (2, 0,'Sell', 1,0);
INSERT INTO `pb_tradetypes` VALUES (3,0, 'Proxy', 1,0);
INSERT INTO `pb_tradetypes` VALUES (4, 0,'Cooperation', 1,0);
INSERT INTO `pb_tradetypes` VALUES (5,0, 'Merchants', 1,0);
INSERT INTO `pb_tradetypes` VALUES (6,0, 'Join', 1,0);
INSERT INTO `pb_tradetypes` VALUES (7,0, 'Wholesale', 1,0);
INSERT INTO `pb_tradetypes` VALUES (8,0, 'Stocks', 1,0);

-- 
-- Export data in the table `pb_typemodels`
-- 

INSERT INTO `pb_typemodels` (`id`, `title`, `type_name`) VALUES 
(1, 'expiration time', 'offer_expire'),
(2, 'Type', 'manage_type'),
(3, 'major markets', 'main_market'),
(4, 'registered capital', 'reg_fund'),
(5, 'turnover', 'year_annual'),
(6, 'economy type', 'economic_type'),
(7, 'moderation status', 'check_status'),
(8, 'employees', 'employee_amount'),
(9, 'status', 'common_status'),
(10, 'the proposed type', 'service_type'),
(11, 'educational experience', 'education'),
(12, 'wages', 'salary'),
(13, 'the nature', 'work_type'),
(14, 'Job Title', 'position'),
(15, 'gender', 'gender'),
(16, 'Phone Type', 'phone_type'),
(17, 'instant messaging category', 'im_type'),
(18, 'option', 'common_option'),
(19, 'honorific', 'calls'),
(20, 'units', 'measuring'),
(21, 'currency', 'monetary'),
(22, 'quote type', 'price_type'),
(23, 'price trend', 'price_trends');

-- 
-- Export data in the table `pb_typeoptions`
-- 

INSERT INTO `pb_typeoptions` (`id`, `typemodel_id`, `option_value`, `option_label`) VALUES 
(1, 1,'10','10 days'), 
(2, 1,'30','month'),
(3, 1,'90','three'), 
(4, 1,'180','six'), 
(5, 2,'1','production'), 
(6, 2,'2','trade type'), 
(7, 2,'3','service'), 
(8, 2,'4','the Government or other agencies'), 
(9, 3,'1','China'), 
(10, 3,'2','Hong Kong, Macao and Taiwan'), 
(11, 3,'3','North America'), 
(12, 3,'4','South America'), 
(13, 3,'5','Europe'), 
(14, 3,'6','Asia'), 
(15, 3,'7','Africa'), 
(16, 3,'8','Oceania'), 
(17, 3,'9','other market'), 
(18, 4,'0','closed'), 
(19, 4,'1','one hundred thousand yuan less'), 
(20, 4,'2','RMB 10-30 million'), 
(21, 4,'3','RMB 30-50 million'), 
(22, 4,'4','RMB 50-100 million'), 
(23, 4,'5','RMB 100-300 million'), 
(24, 4,'6','RMB 300-500 million'), 
(25, 4,'7','RMB 500-1,000 million'), 
(26, 4,'8','million RMB 1000-5000'), 
(27, 4,'9','more than RMB 50 million'), 
(28, 4,'10','other'), 
(29, 5,'1','RMB 10 million or less/year'), 
(30, 5,'2','RMB 10-30 million/year'), 
(31, 5,'3','RMB 30-50 million/year'), 
(32, 5,'4','RMB 50-100 million/year'), 
(33, 5,'5','RMB 100-300 million/year'), 
(34, 5,'6','RMB 300-500 million/year'), 
(35, 5,'7','RMB 500-1,000 million/year'), 
(36, 5,'8','RMB 1000-5000 million/year'), 
(37, 5,'9', 'more than 50 million RMB/year'),
(38, 5,'10','other'), 
(39, 6,'1','state-owned enterprises'), 
(40, 6,'2','collective enterprises'), 
(41, 6,'3','Corporations'), 
(42, 6,'4','joint venture'), 
(43, 6,'5','limited liability company') ,
(44, 6,'6','Corporation'), 
(45, 6,'7','private'), 
(46, 6,'8','individual enterprise'), 
(47, 6,'9','non-profit organization'), 
(48, 6,'10','other'), 
(49, 7,'0','invalid'), 
(50, 7,'1','effective'), 
(51, 7,'2','awaiting approval'), 
(52, 7,'3','audit is not passed'), 
(53, 8,'1','5 less'), 
(54, 8,'2','5-10 people'), 
(55, 8,'3','11-50 people'), 
(56, 8,'4','51-100 people'), 
(57, 8,'5','101-500 persons'), 
(58, 8,'6','501-1000 person'), 
(59, 8,'7','1000 or more'), 
(60, 10,'1','consultation'), 
(61, 10,'2','proposal'), 
(62, 10,'3','complaints'), 
(63, 11,'0','other'), 
(64, 11,'-1','not required'), 
(65, 11,'-2','open'), 
(66, 11,'1','Doctor'), 
(67, 11,'2','Master'), 
(68, 11,'3','undergraduate'), 
(69, 11,'4','college'), 
(70, 11,'5','secondary'), 
(71, 11,'6','technical school'), 
(72, 11,'7','high'), 
(73, 11,'8','middle'), 
(74, 11,'9','primary'), 
(75, 12,'0','no choice'), 
(76, 12,'-1','Interview'), 
(77, 12,'1','1500 less'), 
(78, 12,'2','1500-1999 RMB/month'), 
(79, 12,'3','2000-2999 yuan/month'), 
(80, 12,'4','3000-4999 yuan/month'), 
(81, 12,'5','5000 above'), 
(82, 13,'0','no choice'), 
(83, 13,'1','full'), 
(84, 13,'2','part-time'), 
(85, 13,'3','provisional'), 
(86, 13,'4','practice'), 
(87, 13,'5','other'), 
(88, 14,'0','no choice'), 
(89, 14,'1','chairman, president and deputies'), 
(90, 14,'2','the executive branch managers/executives'), 
(91, 14,'3','technical manager/technical staff'), 
(92, 14,'4','production manager/production staff'), 
(93, 14,'5','marketing manager/marketing staff'), 
(94, 14,'6,','purchasing department manager/procurement officer') ,
(95, 14,'7','sales manager/sales'), 
(96, 14,'8','other'), 
(97, 15,'0','no choice'), 
(98, 15,'1','Male'), 
(99, 15,'2','Female'), 
(100, 15,'-1','open'), 
(101, 16,'1','mobile phone'), 
(102, 16,'2','residential'), 
(103, 16,'3','business phone'), 
(104, 16,'4','other'), 
(105, 17,'1','QQ'), 
(106, 17,'2','ICQ'), 
(107, 17,'3','MSN Messenger'), 
(108, 17,'4','Yahoo Messenger'), 
(109, 17,'5','Skype'), 
(110, 17,'6','other'), 
(111, 17,'0','no choice'), 
(112, 16,'0','no choice'), 
(113, 6,'0','no choice'), 
(114, 9,'0','invalid'), 
(115, 9,'1','effective'), 
(116, 18,'0','no'), 
(117, 18,'1','yes'), 
(118, 19,'1','Mr.'), 
(119, 19,'2','Ms.'), 
(120, 20,'1','single'), 
(121, 20,'2','pieces'), 
(122, 21,'1','element'), 
(123, 21,'3','USD'), 
(124, 22,'1','buy'), 
(125, 22,'2','sell'), 
(126, 23,'1','up'), 
(127, 23,'2','stable'), 
(128, 23,'3','down'), 
(129, 23,'4','uncertain'), 
(130, 21,'2','million');


-- 
-- Export data in the table `pb_userpages`
-- 

INSERT INTO `pb_userpages` VALUES (1, '','aboutus', 'About Us', '', 'Note on the website', '', 0, unix_timestamp(now()), unix_timestamp(now()));
INSERT INTO `pb_userpages` VALUES (2, '','contactus', 'Contact us', '', 'Contact', '', 0, unix_timestamp(now()), unix_timestamp(now()));
INSERT INTO `pb_userpages` VALUES (3, '','aboutads', 'Advertising', '', 'Description of advertising and price', '', 0, unix_timestamp(now()), unix_timestamp(now()));
INSERT INTO `pb_userpages` VALUES (4, '','sitemap', 'Site Map', '', 'Web Site Map', 'sitemap.php', 0, unix_timestamp(now()), unix_timestamp(now()));
INSERT INTO `pb_userpages` VALUES (5, '','agreement', 'Legal Notices', '', 'Legal Notices', 'agreement.php', 0, unix_timestamp(now()), 0);
INSERT INTO `pb_userpages` VALUES (6, '','friendlink', 'Links', '', 'Application Links', 'friendlink.php', 0, unix_timestamp(now()), 0);
INSERT INTO `pb_userpages` VALUES (7, '','help', 'Help Center', '', 'Help Center', '', 0, unix_timestamp(now()), unix_timestamp(now()));
INSERT INTO `pb_userpages` VALUES (8, '','service', 'Comments complaints', '', 'Comments and suggestions, complaints', '', 0, unix_timestamp(now()), unix_timestamp(now()));
INSERT INTO `pb_userpages` VALUES (9, '','special', 'Sub-station project', '', 'Industry or regional sub-stations', 'special/', 0, unix_timestamp(now()), unix_timestamp(now()));

-- 
-- Export data in the table `pb_forms`
-- 

INSERT INTO `pb_forms` VALUES (1, 1, 'Supply and demand of custom fields', '1,2,3,4,5,6');
INSERT INTO `pb_forms` VALUES (2, 2, 'Product Custom Fields', '1,2,3,4,5,6');

-- 
-- Export data in the table `pb_formitems`
-- 

INSERT INTO `pb_formitems` VALUES (1, 0, 'Numbers', '', 'product_quantity', 'text', '', 0);
INSERT INTO `pb_formitems` VALUES (2, 0, 'Packaging', '', 'packing', 'text', '', 0);
INSERT INTO `pb_formitems` VALUES (3, 0, 'Price Description', '', 'product_price', 'text', '', 0);
INSERT INTO `pb_formitems` VALUES (4, 0, 'Specifications', '', 'product_specification', 'text', '', 0);
INSERT INTO `pb_formitems` VALUES (5, 0, 'ID Code', '', 'serial_number', 'text', '', 0);
INSERT INTO `pb_formitems` VALUES (6, 0, 'Place', '', 'production_place', 'text', '', 0);

-- 
-- Export data in the table `pb_templets`
-- 

INSERT INTO `pb_templets` VALUES (1, 'default', 'Default', 'skins/default/', 'user', 'Ualink E-commerce Inc.', 'Default', 1, '0', '0', 1);
INSERT INTO `pb_templets` VALUES (2, 'orange', 'Orange Color', 'skins/orange/', 'user', 'PB TEAM', 'For health care enterprises', 0, '0', '0', 1);
INSERT INTO `pb_templets` VALUES (3, 'brown', 'Brown Color', 'skins/brown/', 'user', 'PB TEAM', 'For industrial enterprises', 0, '0', '0', 1);
INSERT INTO `pb_templets` VALUES (4, 'green', 'Green Color', 'skins/green/', 'user', 'PB TEAM', 'For agricultural web site', 0, '0', '0', 1);
INSERT INTO `pb_templets` VALUES (5, 'red', 'Red Color', 'skins/red/', 'user', 'PB TEAM', 'For SMEs', 0, '0', '0', 1);

-- 
-- Export data in the table `pb_membergroups`
-- 

INSERT INTO `pb_membergroups` (`id`, `membertype_id`, `name`, `description`, `type`, `system`, `picture`, `point_max`, `point_min`, `max_offer`, `max_product`, `max_job`, `max_companynews`, `max_producttype`, `max_album`, `max_attach_size`, `max_size_perday`, `max_favorite`, `is_default`, `allow_offer`, `allow_market`, `allow_company`, `allow_product`, `allow_job`, `allow_companynews`, `allow_album`, `allow_space`, `default_live_time`, `after_live_time`, `exempt`, `created`, `modified`) VALUES 
(1, 1, 'Associate members', '', 'system', 'private', 'informal.gif', 0, -32767, 0, 0, 0, 0, 0, 0, 0, 0, 0, 0, 0, 0, 0, 0, 0, 0, 0, 1, 0, 2, 0, 0, 1274002638),
(2, 1, 'Member', '', 'system', 'private', 'formal.gif', 32767, 0, 0, 0, 0, 0, 0, 0, 0, 0, 0, 0, 0, 0, 0, 1, 0, 0, 0, 1, 0, 2, 25, 0, 1274002638),
(3, 1, 'Pending Member', 'Wait for verification', 'special', 'private', 'special_checking.gif', 0, 0, 0, 0, 0, 0, 3, 0, 0, 0, 0, 0, 1, 1, 1, 1, 1, 1, 1, 1, 1, 2, 0, 0, 1274002638),
(4, 1, 'No Access', 'No Access Site', 'special', 'private', 'special_novisit.gif', 0, 0, 0, 0, 0, 0, 3, 0, 0, 0, 0, 0, 1, 1, 1, 1, 1, 1, 1, 1, 1, 2, 0, 0, 1274002638),
(5, 1, 'Prohibits the publication of', 'Prohibition of any information published in the Business Room', 'special', 'private', 'special_noperm.gif', 0, 0, 0, 0, 0, 0, 3, 0, 0, 0, 0, 0, 1, 1, 1, 1, 1, 1, 1, 1, 1, 2, 0, 0, 1274002638),
(6, 1, 'Prohibition of landing', 'Prohibition of landing business room', 'special', 'private', 'special_nologin.gif', 0, 0, 0, 0, 0, 0, 3, 0, 0, 0, 0, 0, 1, 1, 1, 1, 1, 1, 1, 1, 1, 2, 0, 0, 1274002638),
(7, 1, 'Ordinary Members', 'General Level Member', 'define', 'public', 'copper.gif', 0, 0, 5, 0, 0, 0, 3, 0, 0, 0, 0, 1, 2, 1, 1, 1, 1, 1, 1, 0, 1, 8, 24, 0, 1274002638),
(8, 1, 'Member', 'Individual members', 'define', 'public', 'silver.gif', 0, 0, 0, 0, 0, 0, 3, 0, 0, 0, 0, 0, 1, 1, 1, 1, 1, 1, 1, 1, 2, 6, 25, 0, 1274002638),
(9, 2, 'Corporate Member', 'This level of corporate members of the general', 'define', 'public', 'gold.gif', 0, 0, 2, 2, 0, 0, 3, 0, 0, 0, 0, 0, 2, 2, 2, 2, 2, 2, 2, 1, 1, 2, 31, 0, 1274002638),
(10, 2, 'VIP Member', 'Senior Corporate Member', 'define', 'public', 'vip.gif', 0, 0, 0, 0, 0, 0, 3, 0, 0, 0, 0, 0, 3, 3, 3, 3, 3, 3, 3, 1, 1, 2, 31, 0, 1274002638);

INSERT INTO `pb_productsorts` (`id`, `name`, `display_order`) VALUES 
(1, 'New Products', 0),
(2, 'Stock', 0),
(3, 'General Products', 0);

-- 
-- Export data in the table `pb_trusttypes`
-- 

INSERT INTO `pb_trusttypes` (`id`, `name`, `description`, `image`, `display_order`, `status`) VALUES 
(2, 'Qualification Certification', NULL, 'company.gif', 0, 1),
(1, 'Real-name authentication', NULL, 'truename.gif', 0, 1);

INSERT INTO `pb_albumtypes` (`id`, `name`, `display_order`) VALUES 
(1, 'Company album', 0),
(2, 'Product Image', 0),
(3, 'Advertising', 0);