
/*Data for the table `imall_admin_group` */

insert  into `imall_admin_group`(`id`,`group_name`,`del_flg`,`rights`) values (1,'普通管理员',0,NULL),(2,'超级管理员',0,NULL);

/*Data for the table `imall_admin_log` */

/*Data for the table `imall_attribute` */

insert  into `imall_attribute`(`attr_id`,`cat_id`,`attr_name`,`input_type`,`attr_values`,`sort_order`) values (47,5,'aaa',0,'aaa',0);

/*Data for the table `imall_brand_category` */

/*Data for the table `imall_cart` */

/*Data for the table `imall_shop_category` */

insert  into `imall_shop_category`(`shop_cat_id`,`shop_id`,`shop_cat_name`,`shop_cat_unit`,`parent_id`,`sort_order`) values (1,2,'狗粮','',0,0),(2,3,'童装、帽子','套',0,0),(3,3,'连身衣/哈衣, 内衣, 睡衣','套',2,0),(4,1,'斜挎包','',0,0),(5,1,'背包','',0,0),(6,3,'笔记本','',0,0),(7,3,'相机','',0,0),(8,2,'手表','',0,0),(9,2,'手机','',0,0),(10,2,'男包','',0,0);

/*Data for the table `imall_complaint_type` */

insert  into `imall_complaint_type`(`type_id`,`type_content`) values (1,'收款不发货'),(2,'成交不卖'),(3,'商品与描述不符'),(4,'评价纠纷');

/*Data for the table `imall_complaints` */

insert  into `imall_complaints`(`complaints_id`,`user_id`,`usered_id`,`order_id`,`usered_name`,`goods_id`,`goods_name`,`complaints_title`,`complaints_content`,`complaints_img`) values (9,1,2,0,'加菲猫名表行',1,'劳力士手表','收款不发货','ssssssssssss','');

/*Data for the table `imall_credit` */

insert  into `imall_credit`(`cid`,`order_id`,`goods_id`,`buyer`,`buyer_credit`,`buyer_evaluate`,`buyer_evaltime`,`buyer_explanation`,`buyer_exptime`,`seller`,`seller_credit`,`seller_evaluate`,`seller_evaltime`,`seller_explanation`,`seller_exptime`) values (3,0,0,0,0,NULL,NULL,NULL,NULL,0,0,NULL,NULL,NULL,NULL),(4,0,0,0,0,NULL,NULL,NULL,NULL,0,0,NULL,NULL,NULL,NULL),(5,0,0,0,0,NULL,NULL,NULL,NULL,0,0,NULL,NULL,NULL,NULL),(6,0,0,0,0,NULL,NULL,NULL,NULL,0,0,NULL,NULL,NULL,NULL),(7,0,0,0,0,NULL,NULL,NULL,NULL,0,0,NULL,NULL,NULL,NULL),(8,0,0,0,0,NULL,NULL,NULL,NULL,0,0,NULL,NULL,NULL,NULL),(9,0,0,0,0,NULL,NULL,NULL,NULL,0,0,NULL,NULL,NULL,NULL),(10,0,0,0,0,NULL,NULL,NULL,NULL,0,0,NULL,NULL,NULL,NULL),(11,0,0,0,0,NULL,NULL,NULL,NULL,0,0,NULL,NULL,NULL,NULL),(12,0,0,0,0,NULL,NULL,NULL,NULL,0,0,NULL,NULL,NULL,NULL),(13,0,0,0,0,NULL,NULL,NULL,NULL,0,0,NULL,NULL,NULL,NULL),(14,0,0,0,0,NULL,NULL,NULL,NULL,0,0,NULL,NULL,NULL,NULL),(15,0,0,0,0,NULL,NULL,NULL,NULL,0,0,NULL,NULL,NULL,NULL),(16,0,0,0,0,NULL,NULL,NULL,NULL,0,0,NULL,NULL,NULL,NULL),(17,0,0,0,0,NULL,NULL,NULL,NULL,0,0,NULL,NULL,NULL,NULL),(18,0,0,0,0,NULL,NULL,NULL,NULL,0,0,NULL,NULL,NULL,NULL),(19,0,0,0,0,NULL,NULL,NULL,NULL,0,0,NULL,NULL,NULL,NULL),(20,0,0,0,0,NULL,NULL,NULL,NULL,0,0,NULL,NULL,NULL,NULL),(21,0,0,0,0,NULL,NULL,NULL,NULL,0,0,NULL,NULL,NULL,NULL),(22,0,0,0,0,NULL,NULL,NULL,NULL,0,0,NULL,NULL,NULL,NULL),(23,0,0,0,0,NULL,NULL,NULL,NULL,0,0,NULL,NULL,NULL,NULL),(24,0,0,0,0,NULL,NULL,NULL,NULL,0,0,NULL,NULL,NULL,NULL),(25,0,0,0,0,NULL,NULL,NULL,NULL,0,0,NULL,NULL,NULL,NULL),(26,0,0,0,0,NULL,NULL,NULL,NULL,0,0,NULL,NULL,NULL,NULL),(27,0,0,0,0,NULL,NULL,NULL,NULL,0,0,NULL,NULL,NULL,NULL),(28,0,0,0,0,NULL,NULL,NULL,NULL,0,0,NULL,NULL,NULL,NULL),(29,0,0,0,0,NULL,NULL,NULL,NULL,0,0,NULL,NULL,NULL,NULL),(30,0,0,0,0,NULL,NULL,NULL,NULL,0,0,NULL,NULL,NULL,NULL),(31,0,0,0,0,NULL,NULL,NULL,NULL,0,0,NULL,NULL,NULL,NULL),(32,0,0,0,0,NULL,NULL,NULL,NULL,0,0,NULL,NULL,NULL,NULL),(33,0,0,0,0,NULL,NULL,NULL,NULL,0,0,NULL,NULL,NULL,NULL),(34,0,0,0,0,NULL,NULL,NULL,NULL,0,0,NULL,NULL,NULL,NULL),(35,0,0,0,0,NULL,NULL,NULL,NULL,0,0,NULL,NULL,NULL,NULL),(36,0,0,0,0,NULL,NULL,NULL,NULL,0,0,NULL,NULL,NULL,NULL),(37,0,0,0,0,NULL,NULL,NULL,NULL,0,0,NULL,NULL,NULL,NULL),(38,6,1,1,0,NULL,NULL,NULL,NULL,2,1,'超过14天没有评价，系统自动评价为好','2010-04-24 09:40:29',NULL,NULL),(39,7,2,13,0,NULL,NULL,NULL,NULL,1,1,'超过14天没有评价，系统自动评价为好','2010-04-24 09:40:29',NULL,NULL),(40,8,2,13,0,NULL,NULL,NULL,NULL,1,1,'超过14天没有评价，系统自动评价为好','2010-04-24 09:40:29',NULL,NULL),(41,9,2,13,0,NULL,NULL,NULL,NULL,1,1,'超过14天没有评价，系统自动评价为好','2010-04-24 09:40:29',NULL,NULL),(42,10,2,13,0,NULL,NULL,NULL,NULL,1,1,'超过14天没有评价，系统自动评价为好','2010-04-24 09:40:29',NULL,NULL),(43,11,2,13,0,NULL,NULL,NULL,NULL,1,1,'超过14天没有评价，系统自动评价为好','2010-04-24 09:40:29',NULL,NULL),(44,12,2,13,0,NULL,NULL,NULL,NULL,1,1,'超过14天没有评价，系统自动评价为好','2010-04-24 09:40:29',NULL,NULL),(45,6,1,1,0,NULL,NULL,NULL,NULL,2,1,'超过14天没有评价，系统自动评价为好','2010-04-24 09:40:29',NULL,NULL),(46,7,2,13,0,NULL,NULL,NULL,NULL,1,1,'超过14天没有评价，系统自动评价为好','2010-04-24 09:40:29',NULL,NULL),(47,8,2,13,0,NULL,NULL,NULL,NULL,1,1,'超过14天没有评价，系统自动评价为好','2010-04-24 09:40:29',NULL,NULL),(48,9,2,13,0,NULL,NULL,NULL,NULL,1,1,'超过14天没有评价，系统自动评价为好','2010-04-24 09:40:29',NULL,NULL),(49,10,2,13,0,NULL,NULL,NULL,NULL,1,1,'超过14天没有评价，系统自动评价为好','2010-04-24 09:40:29',NULL,NULL),(50,11,2,13,0,NULL,NULL,NULL,NULL,1,1,'超过14天没有评价，系统自动评价为好','2010-04-24 09:40:29',NULL,NULL),(51,12,2,13,0,NULL,NULL,NULL,NULL,1,1,'超过14天没有评价，系统自动评价为好','2010-04-24 09:40:29',NULL,NULL),(52,6,1,1,0,NULL,NULL,NULL,NULL,2,1,'超过14天没有评价，系统自动评价为好','2010-04-24 09:40:29',NULL,NULL),(53,7,2,13,0,NULL,NULL,NULL,NULL,1,1,'超过14天没有评价，系统自动评价为好','2010-04-24 09:40:29',NULL,NULL),(54,8,2,13,0,NULL,NULL,NULL,NULL,1,1,'超过14天没有评价，系统自动评价为好','2010-04-24 09:40:29',NULL,NULL),(55,9,2,13,0,NULL,NULL,NULL,NULL,1,1,'超过14天没有评价，系统自动评价为好','2010-04-24 09:40:29',NULL,NULL),(56,10,2,13,0,NULL,NULL,NULL,NULL,1,1,'超过14天没有评价，系统自动评价为好','2010-04-24 09:40:29',NULL,NULL),(57,11,2,13,0,NULL,NULL,NULL,NULL,1,1,'超过14天没有评价，系统自动评价为好','2010-04-24 09:40:29',NULL,NULL),(58,12,2,13,0,NULL,NULL,NULL,NULL,1,1,'超过14天没有评价，系统自动评价为好','2010-04-24 09:40:29',NULL,NULL),(59,6,1,1,0,NULL,NULL,NULL,NULL,2,0,NULL,NULL,NULL,NULL),(60,7,2,13,0,NULL,NULL,NULL,NULL,1,0,NULL,NULL,NULL,NULL),(61,8,2,13,0,NULL,NULL,NULL,NULL,1,0,NULL,NULL,NULL,NULL),(62,9,2,13,0,NULL,NULL,NULL,NULL,1,0,NULL,NULL,NULL,NULL),(63,10,2,13,0,NULL,NULL,NULL,NULL,1,0,NULL,NULL,NULL,NULL),(64,11,2,13,0,NULL,NULL,NULL,NULL,1,0,NULL,NULL,NULL,NULL),(65,12,2,13,0,NULL,NULL,NULL,NULL,1,0,NULL,NULL,NULL,NULL),(66,6,1,1,0,NULL,NULL,NULL,NULL,2,0,NULL,NULL,NULL,NULL),(67,7,2,13,0,NULL,NULL,NULL,NULL,1,0,NULL,NULL,NULL,NULL),(68,8,2,13,0,NULL,NULL,NULL,NULL,1,0,NULL,NULL,NULL,NULL),(69,9,2,13,0,NULL,NULL,NULL,NULL,1,0,NULL,NULL,NULL,NULL),(70,10,2,13,0,NULL,NULL,NULL,NULL,1,0,NULL,NULL,NULL,NULL),(71,11,2,13,0,NULL,NULL,NULL,NULL,1,0,NULL,NULL,NULL,NULL),(72,12,2,13,0,NULL,NULL,NULL,NULL,1,0,NULL,NULL,NULL,NULL);

/*Data for the table `imall_flink` */

insert  into `imall_flink`(`brand_id`,`brand_name`,`brand_logo`,`brand_desc`,`site_url`,`is_show`) values (2,'戴尔','docs/images/brand/2.jpg','','http://www.dell.com',1),(3,'IBM','docs/images/brand/3.jpg','','http://www.ibm.com/cn/zh/',1),(4,'联想','docs/images/brand/4.jpg','','http://www.lenovo.com.cn/',1),(5,'三星','docs/images/brand/5.jpg','','http://www.samsung.com/cn/',1),(6,'诺基亚','docs/images/brand/6.jpg','','http://www.nokia.com.cn/',1),(7,'惠普','docs/images/brand/7.jpg','','http://www.hp.com.cn',1),(8,'华硕','docs/images/brand/8.jpg','','http://www.asus.com.cn/',1),(9,'苹果','docs/images/brand/9.jpg','','http://www.apple.com/',1),(10,'大水牛','docs/images/brand/10.jpg','','http://www.hedy.com.cn/',1),(11,'希捷','docs/images/brand/11.jpg','','http://www.seagate.com/',1),(12,'金士顿','docs/images/brand/12.jpg','','http://www.kingston.com/china/',1),(13,'AMD','docs/images/brand/13.jpg','','http://www.amd.com.cn/',1);

/*Data for the table `imall_goods` */

insert  into `imall_goods`(`goods_id`,`shop_id`,`goods_name`,`cat_id`,`ucat_id`,`brand_id`,`type_id`,`goods_intro`,`goods_wholesale`,`goods_number`,`goods_price`,`transport_price`,`keyword`,`is_delete`,`is_best`,`is_new`,`is_hot`,`is_promote`,`is_on_sale`,`is_set_image`,`goods_thumb`,`pv`,`favpv`,`sort_order`,`add_time`,`last_update_time`,`lock_flg`,`is_transport_template`,`transport_template_id`) values (1,2,'劳力士手表',26,8,17,1,'<FONT color=#ff3399>&nbsp;</FONT><P><FONT color=#ff3399><FONT color=#ff0099><FONT color=#800000 size=6>◆品牌：Rolex/劳力士&nbsp;<BR><BR>【编号】:PY55041C</FONT></FONT></FONT></P><P><FONT color=#ff0099><FONT color=#800000 size=6>【机芯】进口全自动机械机芯<BR></FONT></FONT><FONT color=#800000 size=6>【功能】星期、防水、防震．</FONT></P><P><FONT color=#800000 size=6>【材料】18K包金表壳,五株表链,折叠式单保险表扣.</FONT></P><P><FONT color=#800000 size=6>【表面】蓝宝石水晶玻璃带放大日历显示，莫氏九级（钻石十级）永不磨损！</FONT></P><P><FONT color=#800000 size=6>【标志】表壳／表带／表扣均有ROLEX标志</FONT></P><P><FONT color=#800000 size=6>◆原配：表盒、,香港钟表专业发票</FONT></P>','暂时不支持批发',99,'12320.00','0.00','',1,1,1,1,1,1,1,'docs/goods/2010/04/09/thumb_2010040909170551.jpg',32,0,0,'2010-04-09 17:17:05','2010-04-10 09:27:14',0,1,1),(2,1,'圣武战士运动旅遊休双肩后背电脑包-SN9121BK 无货举报',6,0,18,1,'<H5>【JR】圣武战士运动旅遊休双肩后背电脑包-SN9121BK</H5><UL class=choice id=J_UlChoice><LI><SPAN class=plus><FONT color=#909090>+</FONT></SPAN>JT5181BK </LI><LI><SPAN class=plus><FONT color=#909090>+</FONT></SPAN>SN9125BK <BR></LI></UL>','',99,'300.00','50.00','',1,1,1,1,1,1,1,'docs/goods/2010/04/09/thumb_2010040909411633.jpg',23,0,0,'2010-04-09 17:41:16','0000-00-00 00:00:00',0,0,0),(3,1,'十字军神盾.美式空降伞兵扣单肩斜挎包男包-AH0305BK',8,4,18,1,'<LI title=货号>货号: AH0305BK </LI><LI title=性别>性别: 男 </LI><LI title=款式>款式: 斜挎包 </LI><LI title=背包方式>背包方式: 肩挎 </LI><LI title=背包部位>背包部位: 肩部 </LI><LI title=质地>质地: 其它质地 </LI><LI title=肩带根数>肩带根数: 单根 </LI><LI title=箱包开袋方式>箱包开袋方式: 包盖式 </LI><LI title=内部结构>内部结构: 证件袋 &nbsp;拉链暗袋 &nbsp;手机袋 </LI><LI title=品牌>品牌: JR </LI><LI title=风格>风格: 日韩风范 </LI><LI title=箱包外形>箱包外形: 横款方形 </LI><LI title=箱包图案>箱包图案: 纯色无图案 </LI><LI title=有无夹层>有无夹层: 无 </LI><LI title=有无拉杆>有无拉杆: 无 </LI><LI title=可否折叠>可否折叠: 否 </LI><LI title=有无手腕带>有无手腕带: 无 </LI><LI title=价格区间>价格区间: 101-500元 </LI><LI title=成色>成色: 全新 <BR><P align=center><IMG src=\"http://img05.taobaocdn.com/imgextra/i5/224693322/T2UzFaXi4XXXXXXXXX_!!224693322.jpg\" align=absMiddle></P><P align=center>&nbsp;</P><P align=center><IMG src=\"http://img07.taobaocdn.com/imgextra/i7/224693322/T2p6JaXepXXXXXXXXX_!!224693322.jpg\" align=absMiddle></P><P align=center>&nbsp;</P><P align=center><IMG src=\"http://img01.taobaocdn.com/imgextra/i1/224693322/T2h6FaXX8aXXXXXXXX_!!224693322.jpg\" align=absMiddle></P><P align=center>&nbsp;</P><P align=center><IMG src=\"http://img04.taobaocdn.com/imgextra/i4/224693322/T2ujBaXilaXXXXXXXX_!!224693322.jpg\" align=absMiddle></P><P align=center>&nbsp;</P><P align=center><IMG src=\"http://img05.taobaocdn.com/imgextra/i5/224693322/T2YPBaXdxaXXXXXXXX_!!224693322.jpg\" align=absMiddle></P></LI>','',99,'149.00','0.00','',1,1,1,1,1,1,1,'docs/goods/2010/04/09/thumb_2010040910382776.jpg',45,0,0,'2010-04-09 18:38:27','0000-00-00 00:00:00',0,1,2),(4,3,'台湾路',12,3,18,2,'<p>包括爬服和宝宝鞋一套。&nbsp;</p><p></p><p>此款质量非常的好，是摇粒绒的哦</p><p>手感特好，对宝宝稚嫩的皮肤无任何刺激，宝宝穿上去一定非常的舒适哦</p><p>前面有按扣，方便给宝宝脱穿衣服，也方便换尿不湿哦</p><p>天冷了可以穿在里面，天热了也可穿在外面，都是不二的选择，很实惠哦</p><p>外出的时候可以把小手包裹在里面哦～～很精致的设计呢。</p><p>还有脚套的哦，也是宝宝鞋，并且上面都有卡通动物，非常的卡哇伊哦～～</p><p>喜欢的淘爸淘妈们快为宝宝购买吧。。。。。。。</p>','',99,'37.00','15.00','',1,1,1,1,1,1,1,'docs/goods/2010/04/09/thumb_2010040910464493.jpg',7,0,0,'2010-04-09 18:46:44','0000-00-00 00:00:00',0,0,0),(5,1,'十字军神盾穿绳潮流风后背包男包—SN0813RD',8,5,0,1,'<P align=center><IMG src=\"http://img04.taobaocdn.com/imgextra/i4/224693322/T2vjRXXaVXXXXXXXXX_!!224693322.jpg\" align=absMiddle></P><P align=center>&nbsp;</P><P align=center><IMG src=\"http://img05.taobaocdn.com/imgextra/i5/224693322/T2GFleXfRmOJNXXXXX_!!224693322.jpg\" align=absMiddle></P><P align=center><IMG src=\"http://img04.taobaocdn.com/imgextra/i4/224693322/T2KhJeXX013tNXXXXX_!!224693322.jpg\" align=absMiddle></P><P align=center><IMG src=\"http://img05.taobaocdn.com/imgextra/i5/224693322/T2ujRXXa0XXXXXXXXX_!!224693322.jpg\" align=absMiddle></P><P align=center><IMG src=\"http://img02.taobaocdn.com/imgextra/i2/224693322/T2KjFXXa0bXXXXXXXX_!!224693322.jpg\" align=absMiddle><BR></P>','',99,'169.00','0.00','',1,1,1,1,1,1,1,'docs/goods/2010/04/09/thumb_2010040911055028.jpg',9,0,0,'2010-04-09 19:05:50','0000-00-00 00:00:00',0,1,2),(6,1,'英国街头☆运动休闲反光条双肩后背电脑包軍綠 AH5112GR',8,5,0,1,'<P align=center><IMG src=\"http://img02.taobaocdn.com/imgextra/i2/224693322/T2KYRaXl4aXXXXXXXX_!!224693322.jpg\" align=absMiddle></P><P align=center><IMG src=\"http://img06.taobaocdn.com/imgextra/i6/224693322/T2bYNaXiFbXXXXXXXX_!!224693322.jpg\" align=absMiddle></P><P align=center><IMG src=\"http://img08.taobaocdn.com/imgextra/i8/224693322/T2nrNaXhlbXXXXXXXX_!!224693322.jpg\" align=absMiddle></P><P align=center><IMG src=\"http://img01.taobaocdn.com/imgextra/i1/224693322/T2EHJaXmtbXXXXXXXX_!!224693322.jpg\" align=absMiddle><BR></P>','',99,'169.00','0.00','',1,1,1,1,1,1,1,'docs/goods/2010/04/09/thumb_2010040911082684.jpg',4,0,0,'2010-04-09 19:08:26','0000-00-00 00:00:00',0,1,2),(7,3,'ThinkPad SL410-55C',55,6,3,1,' ','',10,'5330.00','20.00','',1,1,1,1,1,1,1,'docs/goods/2010/04/09/thumb_2010040911091216.jpg',3,0,0,'2010-04-09 19:09:12','0000-00-00 00:00:00',0,0,0),(10,1,'日剧零秒出手-山下智久潮流款旅行双肩后背电脑包SN0923PU',6,5,0,1,'<P align=center><IMG src=\"http://img01.taobaocdn.com/imgextra/i1/224693322/T2PvVeXdHt0tNXXXXX_!!224693322.jpg\" align=absMiddle></P><P align=center>&nbsp;</P><P align=center><IMG src=\"http://img04.taobaocdn.com/imgextra/i4/224693322/T2xLleXjjAZtNXXXXX_!!224693322.jpg\" align=absMiddle><BR></P>','',99,'325.00','0.00','',1,1,1,1,1,1,1,'docs/goods/2010/04/09/thumb_2010040911335265.jpg',15,0,0,'2010-04-09 19:33:52','0000-00-00 00:00:00',0,1,2),(11,3,'G550 A-TFO(H)',55,6,4,1,'<table width=\"100%\" border=\"0\" cellpadding=\"0\" cellspacing=\"0\"><tbody><tr><td colspan=\"2\"><font color=\"#000000\"><b><font size=\"4\">基本参数</font></b></font></td></tr><tr><td><font color=\"#000000\" size=\"4\">上市时间</font></td><td><font color=\"#000000\"><font size=\"4\">2009年</font><font size=\"4\">,9月</font></font></td></tr><tr><td><font color=\"#000000\" size=\"4\">处理器</font></td><td><font color=\"#000000\" size=\"4\">Intel Pentium Dual-Core(Penryn) T4300(2.1GHz)</font></td></tr><tr><td><font color=\"#000000\" size=\"4\">核心架构</font></td><td><font color=\"#000000\" size=\"4\">Penryn</font></td></tr><tr><td><font color=\"#000000\" size=\"4\">处理器类型</font></td><td><font color=\"#000000\" size=\"4\">奔腾双核</font></td></tr><tr><td><font color=\"#000000\" size=\"4\">处理器最高主频</font></td><td><font color=\"#000000\" size=\"4\">2100MHz</font></td></tr><tr><td><font color=\"#000000\" size=\"4\">二级缓存</font></td><td><font color=\"#000000\" size=\"4\">1024KB L2</font></td></tr><tr><td><font color=\"#000000\" size=\"4\">主板芯片组</font></td><td><font color=\"#000000\" size=\"4\">Intel GM45+ICH9M</font></td></tr><tr><td><font color=\"#000000\" size=\"4\">系统总线</font></td><td><font color=\"#000000\" size=\"4\">800MHz</font></td></tr><tr><td><font color=\"#000000\" size=\"4\">移动平台</font></td><td><font color=\"#000000\" size=\"4\">支持迅驰技术</font></td></tr><tr><td><font color=\"#000000\" size=\"4\">产品定位</font></td><td><font color=\"#000000\"><font size=\"4\">家用</font><font size=\"4\">,</font><font size=\"4\">3D</font><font size=\"4\">,</font><font size=\"4\">轻便</font><font size=\"4\">,</font><font size=\"4\">低价</font></font></td></tr><tr><td colspan=\"2\"><font color=\"#000000\"><b><font size=\"4\">存储设备</font></b></font></td></tr><tr><td><font color=\"#000000\" size=\"4\">内存容量</font></td><td><font color=\"#000000\" size=\"4\">4GB</font></td></tr><tr><td><font color=\"#000000\" size=\"4\">内存类型</font></td><td><font color=\"#000000\" size=\"4\">DDR3 1066</font></td></tr><tr><td><font color=\"#000000\" size=\"4\">硬盘类型</font></td><td><font color=\"#000000\" size=\"4\">SATA硬盘</font></td></tr><tr><td><font color=\"#000000\" size=\"4\">硬盘参数</font></td><td><font color=\"#000000\" size=\"4\">5400转</font></td></tr><tr><td><font color=\"#000000\" size=\"4\">硬盘容量</font></td><td><font color=\"#000000\" size=\"4\">320GB</font></td></tr><tr><td><font color=\"#000000\" size=\"4\">光驱类型</font></td><td><font color=\"#000000\"><font size=\"4\">内置</font><font size=\"4\">,</font><font size=\"4\">DVD±RW</font></font></td></tr><tr><td><font color=\"#000000\" size=\"4\">光驱描述</font></td><td><font color=\"#000000\" size=\"4\">支持SuperMulti双层刻录</font></td></tr><tr><td colspan=\"2\"><font color=\"#000000\"><b><font size=\"4\">显示屏</font></b></font></td></tr><tr><td><font color=\"#000000\" size=\"4\">屏幕尺寸</font></td><td><font color=\"#000000\" size=\"4\">15.6英寸</font></td></tr><tr><td><font color=\"#000000\" size=\"4\">显示屏类型</font></td><td><font color=\"#000000\" size=\"4\">WXGA</font></td></tr><tr><td><font color=\"#000000\" size=\"4\">显示屏描述</font></td><td><font color=\"#000000\"><font size=\"4\">宽屏</font><font size=\"4\">,</font><font size=\"4\">LED背光</font><font size=\"4\">,</font><font size=\"4\">16:9比例</font></font></td></tr><tr><td><font color=\"#000000\" size=\"4\">分辨率</font></td><td><font color=\"#000000\" size=\"4\">1366×768</font></td></tr><tr><td colspan=\"2\"><font color=\"#000000\"><b><font size=\"4\">音频视频</font></b></font></td></tr><tr><td><font color=\"#000000\" size=\"4\">显卡类型</font></td><td><font color=\"#000000\" size=\"4\">独立</font></td></tr><tr><td><font color=\"#000000\" size=\"4\">显卡芯片</font></td><td><font color=\"#000000\" size=\"4\">nVidia Geforce G210M</font></td></tr><tr><td><font color=\"#000000\" size=\"4\">显存容量</font></td><td><font color=\"#000000\" size=\"4\">512M</font></td></tr><tr><td><font color=\"#000000\" size=\"4\">显存位宽</font></td><td><font color=\"#000000\" size=\"4\">64bit</font></td></tr><tr><td><font color=\"#000000\" size=\"4\">显存类型</font></td><td><font color=\"#000000\" size=\"4\">DDR2</font></td></tr><tr><td><font color=\"#000000\" size=\"4\">流处理器数量</font></td><td><font color=\"#000000\" size=\"4\">16</font></td></tr><tr><td><font color=\"#000000\" size=\"4\">显卡性能</font></td><td><font color=\"#000000\"><font size=\"4\">PCI-E X16接口标准</font><font size=\"4\">,</font><font size=\"4\">支持DirectX 10.1</font><font size=\"4\">,</font><font size=\"4\">支持TurboCache</font><font size=\"4\">,</font><font size=\"4\">支持Cuda技术</font><font size=\"4\">,</font><font size=\"4\">支持物理引擎加速功能</font></font></td></tr><tr><td><font color=\"#000000\" size=\"4\">音频系统</font></td><td><font color=\"#000000\" size=\"4\">内置音效芯片</font></td></tr><tr><td><font color=\"#000000\" size=\"4\">扬声器</font></td><td><font color=\"#000000\" size=\"4\">内置扬声器</font></td></tr><tr><td colspan=\"2\"><font color=\"#000000\"><b><font size=\"4\">通　　讯</font></b></font></td></tr><tr><td><font color=\"#000000\" size=\"4\">无线通讯</font></td><td><font color=\"#000000\" size=\"4\">802.11b/g无线网卡</font></td></tr><tr><td><font color=\"#000000\" size=\"4\">网卡</font></td><td><font color=\"#000000\" size=\"4\">内置10-100M网卡</font></td></tr><tr><td colspan=\"2\"><font color=\"#000000\"><b><font size=\"4\">输入输出</font></b></font></td></tr><tr><td><font color=\"#000000\" size=\"4\">鼠标替代设备</font></td><td><font color=\"#000000\" size=\"4\">触摸板</font></td></tr><tr><td><font color=\"#000000\" size=\"4\">USB</font></td><td><font color=\"#000000\"><font size=\"4\">3个</font><font size=\"4\">,</font><font size=\"4\">USB2.0</font></font></td></tr><tr><td><font color=\"#000000\" size=\"4\">扩展槽</font></td><td><font color=\"#000000\" size=\"4\">1个Express卡</font></td></tr><tr><td><font color=\"#000000\" size=\"4\">读卡器</font></td><td><font color=\"#000000\"><font size=\"4\">内置</font><font size=\"4\">,</font><font size=\"4\">五合一读卡器</font><font size=\"4\">,</font><font size=\"4\">xD</font><font size=\"4\">,</font><font size=\"4\">SD</font><font size=\"4\">,</font><font size=\"4\">MS</font><font size=\"4\">,</font><font size=\"4\">MS Pro</font><font size=\"4\">,</font><font size=\"4\">MMC</font></font></td></tr><tr><td><font color=\"#000000\" size=\"4\">其它接口</font></td><td><font color=\"#000000\"><font size=\"4\">VGA接口</font><font size=\"4\">,</font><font size=\"4\">HDMI接口</font><font size=\"4\">,</font><font size=\"4\">RJ45</font><font size=\"4\">,</font><font size=\"4\">声音输入</font><font size=\"4\">,</font><font size=\"4\">声音输出孔</font><font size=\"4\">,</font><font size=\"4\">直流电源插孔</font><font size=\"4\">,</font><font size=\"4\">安全锁孔</font></font></td></tr><tr><td colspan=\"2\"><font color=\"#000000\"><b><font size=\"4\">特色设备</font></b></font></td></tr><tr><td><font color=\"#000000\" size=\"4\">内置摄像头</font></td><td><font color=\"#000000\"><font size=\"4\">内置摄像头</font><font size=\"4\">,30万像素</font></font></td></tr><tr><td colspan=\"2\"><font color=\"#000000\"><b><font size=\"4\">结构特征</font></b></font></td></tr><tr><td><font color=\"#000000\" size=\"4\">重量</font></td><td><font color=\"#000000\" size=\"4\">约2.65Kg</font></td></tr><tr><td><font color=\"#000000\" size=\"4\">规格</font></td><td><font color=\"#000000\" size=\"4\">381×245×26.5-36.2mm</font></td></tr><tr><td colspan=\"2\"><font color=\"#000000\"><b><font size=\"4\">电能规格</font></b></font></td></tr><tr><td><font color=\"#000000\" size=\"4\">电池类型</font></td><td><font color=\"#000000\" size=\"4\">6芯锂电池</font></td></tr><tr><td><font color=\"#000000\" size=\"4\">工作时间</font></td><td><font color=\"#000000\" size=\"4\">约2-3小时</font></td></tr><tr><td><font color=\"#000000\" size=\"4\">电源适配器</font></td><td><font color=\"#000000\" size=\"4\">100V-240V 自适应交流电源供应器</font></td></tr><tr><td colspan=\"2\"><font color=\"#000000\"><b><font size=\"4\">其　　它</font></b></font></td></tr><tr><td><font color=\"#000000\" size=\"4\">操作系统</font></td><td><font color=\"#000000\" size=\"4\">DOS系统</font></td></tr><tr><td><font color=\"#000000\" size=\"4\">其它性能</font></td><td><font color=\"#000000\" size=\"4\">无铅设计</font></td></tr><tr><td><font color=\"#000000\" size=\"4\">可选配件</font></td><td><font color=\"#000000\"><font size=\"4\">锂电池</font><font size=\"4\">,</font><font size=\"4\">电源适配器</font><font size=\"4\">,</font><font size=\"4\">软件光盘</font><font size=\"4\">,</font><font size=\"4\">说明书</font></font></td></tr></tbody></table><br><a><img src=\"http://img02.taobaocdn.com/bao/uploaded/i2/T12ixrXd8dXXb1upjX.jpg\"></a>','',99,'4550.00','80.00','',1,1,1,1,1,1,1,'docs/goods/2010/04/09/thumb_2010040912031180.jpg',4,0,0,'2010-04-09 20:03:11','0000-00-00 00:00:00',0,0,0),(13,2,'飞利浦 超长待机双卡双待 冲1400台 ！现货 包邮更实惠',44,9,5,1,'<DIV class=\"box J_DetailSection\" id=description><H4 class=hd style=\"DISPLAY: none\">宝贝详情</H4><DIV class=content id=J_DivItemDesc><TABLE borderColor=#000000 height=201 cellSpacing=0 width=654 border=1><TBODY><TR><TD vAlign=center align=middle width=97><SPAN><FONT size=3>套餐类型</FONT></SPAN></TD><TD vAlign=center align=middle bgColor=#ffff00 colSpan=2><SPAN><FONT size=3>价&nbsp;格</FONT></SPAN></TD><TD vAlign=center align=middle width=447><SPAN><FONT size=3>所含配件</FONT></SPAN></TD></TR><TR><TD vAlign=center align=middle height=33><SPAN><FONT size=3>官方标配</FONT></SPAN></TD><TD vAlign=center align=middle bgColor=#ffff00 colSpan=2><FONT size=3>&nbsp;</FONT></TD><TD vAlign=center align=middle><FONT size=3>一块电池（1150mAh)，旅行充电器（线充），耳机，数据线，说明书，保修卡。<BR>注：数据线只能充电，没有交换数据的功能。</FONT></TD></TR><TR><TD vAlign=center align=middle height=31><SPAN><FONT size=3>套餐一</FONT></SPAN></TD><TD vAlign=center align=middle bgColor=#ffff00 colSpan=2><FONT size=3>+50</FONT></TD><TD vAlign=center align=middle><FONT size=3>官方标配+2G内存卡</FONT></TD></TR><TR><TD vAlign=center align=middle height=28><SPAN><FONT size=3>套餐二</FONT></SPAN></TD><TD vAlign=center align=middle bgColor=#ffff00 colSpan=2><FONT size=3>+55</FONT></TD><TD vAlign=center align=middle><FONT size=3>官方标配+2G内存卡+读卡器</FONT></TD></TR><TR><TD vAlign=center align=middle height=24><SPAN><FONT size=3>套餐三</FONT></SPAN></TD><TD vAlign=center align=middle bgColor=#ffff00 colSpan=2><FONT size=3>+10</FONT></TD><TD vAlign=center align=middle><FONT size=3>官方标配+读卡器+手机套+手机挂绳</FONT></TD></TR><TR><TD vAlign=center align=middle height=26><SPAN><FONT size=3>套餐四</FONT></SPAN></TD><TD vAlign=center align=middle bgColor=#ffff00 colSpan=2><FONT size=3>+5</FONT></TD><TD vAlign=center align=middle><FONT size=3>官方标配+手机套+手机挂绳</FONT></TD></TR><TR><TD vAlign=center align=middle colSpan=3 height=30><FONT size=3>其他说明</FONT></TD><TD vAlign=center align=middle><FONT size=3>免费开具正规机打增值税发票，可以全国联保，也可以作为报销凭证。</FONT></TD></TR></TBODY></TABLE><DIV align=left><FONT style=\"BACKGROUND-COLOR: #ffffff\" face=宋体 color=#990000 size=4></FONT>&nbsp;</DIV><DIV align=left><FONT style=\"BACKGROUND-COLOR: #ffffff\" face=宋体 color=#990000 size=4></FONT>&nbsp;</DIV><DIV align=left><STRONG><FONT color=#ff0000 size=4>飞利浦X100即将上市！简约实用主义的典范——X100拥有超长待机能力，并且支持GSM双卡双待机，简直是工作、生活必备之选！</FONT></STRONG><STRONG><FONT color=#ff0000 size=4></FONT></STRONG></DIV><DIV align=left><TABLE height=82 cellSpacing=0 cellPadding=0 width=740 border=0><TBODY><TR><TD vAlign=top width=647><DIV align=left><FONT style=\"BACKGROUND-COLOR: #ffffff\" face=宋体 size=4><FONT color=#666666 size=4><STRONG>主要卖点：飞利浦独步天下的“超长待机”能力,最长纯待机1个月时间，GSM双卡双待机！MP3播放及冷声，实用手电筒功能。性价比超高！</STRONG></FONT></FONT></DIV></TD></TR></TBODY></TABLE><BR></DIV></DIV></DIV>','',99,'230.00','0.00','',1,1,1,1,1,1,1,'docs/goods/2010/04/10/thumb_2010041002200284.jpg',0,0,0,'2010-04-10 10:14:27','2010-04-10 10:20:38',0,1,1),(14,2,'威登保罗官方唯一旗舰店 专柜正品折扣男包 单肩包 休闲包 商务包',8,10,18,1,'<LI title=货号>货号: 39501 </LI><LI title=性别>性别: 男 </LI><LI title=款式>款式: 肩包 </LI><LI title=背包方式>背包方式: 肩挎 </LI><LI title=背包部位>背包部位: 肩部 </LI><LI title=质地>质地: 牛皮 </LI><LI title=皮质特征>皮质特征: 磨砂皮 </LI><LI title=肩带根数>肩带根数: 单根 </LI><LI title=提拎部件>提拎部件: 软把 </LI><LI title=箱包开袋方式>箱包开袋方式: 磁扣 </LI><LI title=内部结构>内部结构: 夹层拉链袋 &nbsp;证件袋 &nbsp;拉链暗袋 ... </LI><LI title=外袋种类>外袋种类: 内贴袋 </LI><LI title=品牌>品牌: Videng Polo/威登保罗 </LI><LI title=箱包流行元素>箱包流行元素: 时尚大气 </LI><LI title=风格>风格: OL职业 </LI><LI title=箱包外形>箱包外形: 竖款方形 </LI><LI title=箱包图案>箱包图案: 纯色无图案 </LI><LI title=颜色>颜色: 大款：25*28*8 ... </LI><LI title=有无夹层>有无夹层: 有 </LI><LI title=硬度>硬度: 硬 </LI><LI title=有无拉杆>有无拉杆: 无 </LI><LI title=可否折叠>可否折叠: 否 </LI><LI title=有无手腕带>有无手腕带: 无 </LI><LI title=价格区间>价格区间: 1000元以下 </LI><LI title=成色>成色: 全新 <BR></LI>','',99,'780.00','0.00','',1,1,1,1,1,1,1,'docs/goods/2010/04/10/thumb_2010041002230528.jpg',3,0,0,'2010-04-10 10:23:05','2010-04-10 10:24:29',0,1,1);

/*Data for the table `imall_goods_attr` */

/*Data for the table `imall_goods_comment` */

/*Data for the table `imall_goods_gallery` */

insert  into `imall_goods_gallery`(`img_id`,`goods_id`,`img_url`,`img_desc`,`thumb_url`,`img_original`,`is_set`) values (1,1,'docs/goods/2010/04/09/m_2010040909170551.jpg','','docs/goods/2010/04/09/thumb_2010040909170551.jpg','docs/goods/2010/04/09/2010040909170551.jpg',1),(2,2,'docs/goods/2010/04/09/m_2010040909411633.jpg','','docs/goods/2010/04/09/thumb_2010040909411633.jpg','docs/goods/2010/04/09/2010040909411633.jpg',1),(3,2,'docs/goods/2010/04/09/m_2010040909431556.jpg','','docs/goods/2010/04/09/thumb_2010040909431556.jpg','docs/goods/2010/04/09/2010040909431556.jpg',0),(4,3,'docs/goods/2010/04/09/m_2010040910382776.jpg','','docs/goods/2010/04/09/thumb_2010040910382776.jpg','docs/goods/2010/04/09/2010040910382776.jpg',1),(5,4,'docs/goods/2010/04/09/m_2010040910464493.jpg','','docs/goods/2010/04/09/thumb_2010040910464493.jpg','docs/goods/2010/04/09/2010040910464493.jpg',1),(6,5,'docs/goods/2010/04/09/m_2010040911055028.jpg','','docs/goods/2010/04/09/thumb_2010040911055028.jpg','docs/goods/2010/04/09/2010040911055028.jpg',1),(7,6,'docs/goods/2010/04/09/m_2010040911082684.jpg','','docs/goods/2010/04/09/thumb_2010040911082684.jpg','docs/goods/2010/04/09/2010040911082684.jpg',1),(8,7,'docs/goods/2010/04/09/m_2010040911091216.jpg','','docs/goods/2010/04/09/thumb_2010040911091216.jpg','docs/goods/2010/04/09/2010040911091216.jpg',1),(9,8,'docs/goods/2010/04/09/m_2010040911135437.jpg','','docs/goods/2010/04/09/thumb_2010040911135437.jpg','docs/goods/2010/04/09/2010040911135437.jpg',1),(10,9,'docs/goods/2010/04/09/m_2010040911222513.jpg','','docs/goods/2010/04/09/thumb_2010040911222513.jpg','docs/goods/2010/04/09/2010040911222513.jpg',1),(11,10,'docs/goods/2010/04/09/m_2010040911335265.jpg','','docs/goods/2010/04/09/thumb_2010040911335265.jpg','docs/goods/2010/04/09/2010040911335265.jpg',1),(12,11,'docs/goods/2010/04/09/m_2010040912031180.jpg','','docs/goods/2010/04/09/thumb_2010040912031180.jpg','docs/goods/2010/04/09/2010040912031180.jpg',1),(13,12,'docs/goods/2010/04/09/m_2010040912070078.jpg','','docs/goods/2010/04/09/thumb_2010040912070078.jpg','docs/goods/2010/04/09/2010040912070078.jpg',1),(14,13,'docs/goods/2010/04/10/m_2010041002200284.jpg','','docs/goods/2010/04/10/thumb_2010041002200284.jpg','docs/goods/2010/04/10/2010041002200284.jpg',1),(15,14,'docs/goods/2010/04/10/m_2010041002230528.jpg','','docs/goods/2010/04/10/thumb_2010041002230528.jpg','docs/goods/2010/04/10/2010041002230528.jpg',1),(44,35,'uploadfiles/goods/2010/04/13/m_2010041307261028.jpg','','uploadfiles/goods/2010/04/13/thumb_2010041307261028.jpg','uploadfiles/goods/2010/04/13/2010041307261028.jpg',1);

/*Data for the table `imall_goods_shipping` */

/*Data for the table `imall_goods_types` */

insert  into `imall_goods_types`(`type_id`,`type_name`,`is_show`) values (1,'全新',1),(2,'二手',1),(3,'闲置',1);

/*Data for the table `imall_groupbuy` */

/*Data for the table `imall_groupbuy_log` */

insert  into `imall_groupbuy_log`(`grouplog_id`,`group_id`,`user_id`,`user_name`,`quantity`,`linkman`,`tel`,`add_time`) values (11,28,13,'dbojue',2,'123','12312312','2010-04-13 11:32:53'),(13,29,13,'dbojue',1,'123','123123','2010-04-13 11:46:15');

/*Data for the table `imall_img_size` */

insert  into `imall_img_size`(`id`,`uid`,`img_url`,`img_size`,`upl_time`) values (1,2,'docs/goods/2010/04/09/2010040909170551.jpg','2725','2010-04-09 17:17:05'),(2,1,'docs/goods/2010/04/09/2010040909411633.jpg','20331','2010-04-09 17:41:17'),(3,1,'docs/goods/2010/04/09/2010040909431556.jpg','29452','2010-04-09 17:43:15'),(4,1,'docs/goods/2010/04/09/2010040910382776.jpg','14340','2010-04-09 18:38:27'),(5,3,'docs/goods/2010/04/09/2010040910464493.jpg','8605','2010-04-09 18:46:44'),(6,1,'docs/goods/2010/04/09/2010040911055028.jpg','28165','2010-04-09 19:05:50'),(7,1,'docs/goods/2010/04/09/2010040911082684.jpg','29932','2010-04-09 19:08:27'),(8,3,'docs/goods/2010/04/09/2010040911091216.jpg','3338','2010-04-09 19:09:12'),(9,3,'docs/goods/2010/04/09/2010040911135437.jpg','21581','2010-04-09 19:13:55'),(10,3,'docs/goods/2010/04/09/2010040911222513.jpg','16609','2010-04-09 19:22:26'),(11,1,'docs/goods/2010/04/09/2010040911335265.jpg','15669','2010-04-09 19:33:53'),(12,3,'docs/goods/2010/04/09/2010040912031180.jpg','7071','2010-04-09 20:03:11'),(13,3,'docs/goods/2010/04/09/2010040912070078.jpg','8226','2010-04-09 20:07:00'),(14,2,'docs/goods/2010/04/10/2010041002200284.jpg','6217','2010-04-10 10:20:02'),(15,2,'docs/goods/2010/04/10/2010041002230528.jpg','11138','2010-04-10 10:23:05'),(16,1,'uploadfiles/goods/2010/04/13/2010041307261028.jpg','9134','2010-04-13 15:26:11');

/*Data for the table `imall_keywords_count` */

insert  into `imall_keywords_count`(`id`,`keywords`,`count`,`day`,`week`,`month`,`dataline`) values (1,'a',1,1,1,1,1270842725),(3,'b',1,1,1,1,1271337771),(4,'c',1,1,1,1,1271337774),(5,'d',1,1,1,1,1271340174);

/*Data for the table `imall_order_info` */

insert  into `imall_order_info`(`order_id`,`payid`,`shop_id`,`pay_id`,`pay_name`,`user_id`,`goods_id`,`goods_name`,`goods_price`,`transport_price`,`order_num`,`order_amount`,`consignee`,`country`,`province`,`city`,`district`,`address`,`zipcode`,`telphone`,`mobile`,`email`,`shipping_name`,`shipping_no`,`shipping_type`,`message`,`order_time`,`pay_time`,`shipping_time`,`receive_time`,`order_status`,`pay_status`,`transport_status`,`trade_no`,`seller_reply`,`buyer_reply`,`group_id`,`pay_message`,`complaint`,`get_back_time`) values (6,'2010041206173957',2,1,'支付宝纯担保',1,1,'劳力士手表','12320.00','12.00',1,'12332.00','1111',1,5,66,633,'1111111111111','111111','1111111111','1111111111','d_bojue@Live.cn','','','','','2010-04-12 14:17:39','0000-00-00 00:00:00','0000-00-00 00:00:00','2010-04-24 09:54:09',3,1,1,'',0,0,0,'',1,NULL),(7,'2010041303370727',1,2,'财付通即时到帐',13,2,'圣武战士运动旅遊休双肩后背电脑包-SN9121BK 无货举报','111.00','50.00',0,'322.00','123',1,28,344,2932,'121323','123123','12312312','123123123','','','','','','2010-04-13 11:37:07','0000-00-00 00:00:00','0000-00-00 00:00:00','2010-04-24 09:54:09',3,1,1,'',0,0,28,'',0,NULL),(8,'2010041305274460',1,2,'财付通即时到帐',13,2,'圣武战士运动旅遊休双肩后背电脑包-SN9121BK 无货举报','111.00','50.00',0,'322.00','123',1,28,346,2948,'123123123','123123','12312312','123123123123','','','','','','2010-04-13 13:27:44','0000-00-00 00:00:00','0000-00-00 00:00:00','2010-04-24 09:54:09',3,0,0,'',0,0,28,'',0,NULL),(9,'2010041305293983',1,2,'财付通即时到帐',13,2,'圣武战士运动旅遊休双肩后背电脑包-SN9121BK 无货举报','111.00','50.00',0,'322.00','123',1,28,346,2946,'123123','123123','12312312','123123','','','','','','2010-04-13 13:29:39','0000-00-00 00:00:00','0000-00-00 00:00:00','2010-04-24 09:54:09',3,0,0,'',0,0,28,'',0,NULL),(10,'2010041305330015',1,2,'财付通即时到帐',13,2,'圣武战士运动旅遊休双肩后背电脑包-SN9121BK 无货举报','111.00','50.00',0,'322.00','123',1,28,346,2946,'123123','123123','12312312','123123','','','','','','2010-04-13 13:33:00','0000-00-00 00:00:00','0000-00-00 00:00:00','2010-04-24 09:54:09',3,0,0,'',0,0,28,'',0,NULL),(11,'2010041305331095',1,2,'财付通即时到帐',13,2,'圣武战士运动旅遊休双肩后背电脑包-SN9121BK 无货举报','111.00','50.00',0,'322.00','123',1,28,346,2946,'123123','123123','12312312','123123','','','','','','2010-04-13 13:33:10','0000-00-00 00:00:00','0000-00-00 00:00:00','2010-04-24 09:54:09',3,0,0,'',0,0,28,'',0,NULL),(12,'2010041307110372',1,2,'财付通即时到帐',13,2,'圣武战士运动旅遊休双肩后背电脑包-SN9121BK 无货举报','111.00','50.00',2,'322.00','123',1,28,346,2947,'1231231','123123','12312312','123123','','','','','','2010-04-13 15:11:03','0000-00-00 00:00:00','0000-00-00 00:00:00','2010-04-24 09:54:09',3,0,0,'',0,0,28,'',0,NULL);

/*Data for the table `imall_plugin_url` */

/*Data for the table `imall_plugins` */

/*Data for the table `imall_remind_info` */

/*Data for the table `imall_remind_user` */

/*Data for the table `imall_shipping` */

/*Data for the table `imall_shop_article` */

/*Data for the table `imall_shop_guestbook` */

insert  into `imall_shop_guestbook`(`gid`,`shop_id`,`shop_name`,`user_id`,`name`,`email`,`contact`,`content`,`add_time`,`add_ip`,`shop_del_status`,`user_del_status`,`reply`,`group_id`,`group_name`,`goods_id`) values (1,2,'加菲猫名表行',8,'shop6','shop6@jooyea.com','','234','2010-04-10 11:13:57','192.168.1.66',1,1,'',0,'',0),(4,1,'华圣专卖店',13,'dbojue','d_bojue@Live.cn','','11111111','2010-04-13 11:33:03','127.0.0.1',1,1,'333333',28,'111111111',2);

/*Data for the table `imall_shop_honor` */

/*Data for the table `imall_shop_info` */

insert  into `imall_shop_info`(`shop_id`,`user_id`,`shop_name`,`shop_country`,`shop_province`,`shop_city`,`shop_district`,`shop_address`,`shop_images`,`shop_logo`,`shop_template_img`,`shop_template`,`shop_management`,`shop_intro`,`shop_notice`,`shop_creat_time`,`goods_num`,`open_flg`,`lock_flg`,`map_x`,`map_y`,`map_zoom`,`count_imgsize`) values (2,2,'加菲猫名表行',1,22,283,2336,'金泉大厦','','docs/shop/2010/04/09/2010040909300420.jpg','docs/shop/2010/04/09/2010040909323863.jpg','default','手表','各种手表，正品行货，欢迎大家选购！<BR>','','2010-04-09 17:13:19',3,0,0,'0','0','11',20080),(3,3,'艾斯曼',1,22,292,2414,'中国山东临沂苍山','','docs/shop/2010/04/09/2010040910570646.gif','','red','服装','艾斯曼艾斯曼艾斯曼艾斯曼艾斯曼艾斯曼艾斯曼<br>','','2010-04-09 17:26:40',3,0,0,'0','0','11',65430),(1,1,'华圣专卖店',1,22,283,2332,'山东济南历下区','','docs/shop/2010/04/09/2010040909372477.jpg','docs/shop/2010/04/09/2010040909354877.jpg','default','包,书包','华圣专卖店<P>&nbsp;</P>','','2010-04-09 17:28:16',6,0,0,'0','0','11',147023),(5,5,'shop3专卖店',1,21,275,2289,'马路上','','','','default','杂货','<BR>大家好，欢迎使用我们的产品','','2010-04-10 10:33:07',0,0,0,'0','0','11',0),(6,6,'shop4',1,16,220,1835,'路上','','','','default','杂货','好东西，都来看看吧<BR>','','2010-04-10 10:35:55',0,0,0,'0','0','11',0),(7,7,'shop5',1,2,52,500,'路上','','','','default','杂货','谢谢！<BR>','','2010-04-10 10:40:18',0,0,0,'0','0','11',0),(8,8,'shop6',1,6,76,692,'商业区','','','','default','杂货','你好！<BR>','','2010-04-10 10:42:06',0,0,1,'0','0','11',0);

/*Data for the table `imall_shop_inquiry` */

/*Data for the table `imall_shop_payment` */

insert  into `imall_shop_payment`(`shop_payment_id`,`shop_id`,`pay_id`,`pay_desc`,`pay_config`,`enabled`) values (1,2,1,'支付宝(接口网站：www.alipay.com) 是国内先进的网上支付平台，无预付/年费，单笔费率1.5%，无流量限制。 立即在线申请','a:3:{s:7:\"partner\";s:0:\"\";s:13:\"security_code\";s:0:\"\";s:12:\"seller_email\";s:0:\"\";}',1),(2,3,1,'支付宝(接口网站：www.alipay.com) 是国内先进的网上支付平台，无预付/年费，单笔费率1.5%，无流量限制。 立即在线申请','a:3:{s:7:\"partner\";s:0:\"\";s:13:\"security_code\";s:0:\"\";s:12:\"seller_email\";s:15:\"1789688@163.com\";}',1),(3,1,2,'财付通（www.tenpay.com） - 本即时到账接口无需预付费，任何订单金额均即时到达您的账户，只收单笔 1% 手续费。立即在线申请','a:2:{s:12:\"bargainor_id\";s:10:\"1900000109\";s:3:\"key\";s:32:\"8934e7d15453e97507ef794cf7b0519d\";}',1);

/*Data for the table `imall_shop_request` */

insert  into `imall_shop_request`(`request_id`,`user_id`,`company_name`,`person_name`,`credit_type`,`credit_num`,`credit_commercial`,`company_area`,`company_address`,`zipcode`,`mobile`,`telphone`,`add_time`,`status`) values (6,3,'赛博数码广场','句句','身份证','371982010111151324','docs/shop/request/3/2010040909163017.gif','银座数码广场','银座数码广场',250000,'13688888888','053188888888','2010-04-09 17:16:30',1),(7,13,'企业名称','法人代表姓名','身份证','370923198707230000','uploadfiles/shop/request/13/2010041609045745.jpg','公司所在地','详细通讯地址',250000,'132123132','1231323','2010-04-16 17:04:57',0);

/*Data for the table `imall_user_address` */

insert  into `imall_user_address`(`address_id`,`user_id`,`to_user_name`,`full_address`,`zipcode`,`telphone`,`mobile`,`user_country`,`user_province`,`user_city`,`user_district`,`email`) values (1,2,'老大','金泉大厦','250000','','15966687451',1,22,283,2333,''),(23,1,'1111','1111111111111','111111','1111111111','1111111111',1,5,66,633,'d_bojue@Live.cn');

/*Data for the table `imall_user_favorite` */

/*Data for the table `imall_user_info` */

insert  into `imall_user_info`(`id`,`user_id`,`user_truename`,`user_ico`,`user_marry`,`user_gender`,`user_mobile`,`user_telphone`,`user_country`,`user_province`,`user_city`,`user_district`,`user_zipcode`,`user_address`,`user_birthday`,`user_qq`,`user_msn`,`user_skype`) values (1,1,'店铺一','',0,0,'13688888888','053198745678',0,0,0,0,'','','0000-00-00','','',''),(2,2,'中国人','',0,0,'15555455','5310555551',0,0,0,0,'','','0000-00-00','','',''),(3,3,'句句','',0,0,'13688888888','053188888888',0,0,0,0,'','','0000-00-00','','',''),(4,4,'店铺二','',0,0,'13688888888','0531987454',0,0,0,0,'','','0000-00-00','','',''),(5,5,'测试','',0,0,'136888888','053188888888',0,0,0,0,'','','0000-00-00','','',''),(6,6,'为你服务','',0,0,'136888888','053188888',0,0,0,0,'','','0000-00-00','','',''),(7,7,'色调','',0,0,'123585555','05315888888',0,0,0,0,'','','0000-00-00','','',''),(8,8,'觉得','',0,0,'1255232321','531055885125',0,0,0,0,'','','0000-00-00','','',''),(13,13,'dbojue','',0,0,'1234567890','123456789',0,0,0,0,'','','0000-00-00','','',''),(14,14,'dbojue',NULL,0,0,'321321','321321321',NULL,NULL,NULL,NULL,NULL,NULL,NULL,NULL,NULL,NULL),(15,15,'dbojue',NULL,0,0,'3213212313','32132132',NULL,NULL,NULL,NULL,NULL,NULL,NULL,NULL,NULL,NULL);

/*Data for the table `imall_users` */

insert  into `imall_users`(`user_id`,`user_email`,`user_name`,`user_passwd`,`user_question`,`user_answer`,`user_ico`,`reg_time`,`last_login_time`,`last_ip`,`email_check`,`email_check_code`,`forgot_check_code`,`rank_id`,`locked`) values (1,'shop1@jooyea.com','shop1','4297f44b13955235245b2497399d7a93','','','','2010-04-09 16:21:05','2010-04-22 19:54:02','127.0.0.1',1,'50083930834334dbb59215f8a9fd27a5','',3,0),(2,'277585876@qq.com','goahead','e10adc3949ba59abbe56e057f20f883e','','','','2010-04-09 17:10:28','2010-04-10 09:40:51','192.168.1.66',1,'80ae55824133354b2b64822f36cec623','',3,0),(3,'1789688@163.com','1789688','e10adc3949ba59abbe56e057f20f883e','','','','2010-04-09 17:13:19','2010-04-10 13:15:44','192.168.1.150',1,'d709ca5a4624a48394533c215706fd2f','',4,0),(4,'shop2@jooyea.com','shop2','4297f44b13955235245b2497399d7a93','','','','2010-04-09 19:48:41','2010-04-10 09:09:48','192.168.1.77',1,'8dc2a2f3d76bdc447c1eb0e3845a4562','',3,0),(5,'shop3@jooyea.com','shop3','e10adc3949ba59abbe56e057f20f883e','','','','2010-04-10 10:31:30','2010-04-10 10:32:22','192.168.1.66',1,'aca2f702d771044e639ee82b9b0c78f7','',3,0),(6,'shop4@jooyea.com','shop4','e10adc3949ba59abbe56e057f20f883e','','','','2010-04-10 10:34:57','2010-04-10 10:35:26','192.168.1.66',1,'367d01626c043695a98375be05c9c66e','',3,0),(7,'shop5@jooyea.com','shop5','e10adc3949ba59abbe56e057f20f883e','','','','2010-04-10 10:39:15','2010-04-10 10:39:55','192.168.1.66',1,'9e09e349c8e9d6d154170aee988fa1eb','',3,0),(8,'shop6@jooyea.com','shop6','e10adc3949ba59abbe56e057f20f883e','','','','2010-04-10 10:41:13','2010-04-10 10:41:42','192.168.1.66',1,'9c57defcab4f9e3258a75b4cd299b033','',3,0),(15,'d_bojue@Live.cn','dbojue','807fced54f98282a0fb70171a691ab80',NULL,NULL,'','2010-04-23 11:54:38','2010-04-24 11:34:09','127.0.0.1',1,'c9b9214c14a5f3dd3d49cbc0613ff0a8',NULL,1,0);

/*!40101 SET SQL_MODE=@OLD_SQL_MODE */;
/*!40014 SET FOREIGN_KEY_CHECKS=@OLD_FOREIGN_KEY_CHECKS */;
/*!40014 SET UNIQUE_CHECKS=@OLD_UNIQUE_CHECKS */;
/*!40111 SET SQL_NOTES=@OLD_SQL_NOTES */;
