-- 
-- 导出表中的数据 `pb_adses`
-- 

INSERT INTO `pb_adses` (`id`, `adzone_id`, `title`, `description`, `is_image`, `source_name`, `source_type`, `source_url`, `target_url`, `width`, `height`, `alt_words`, `start_date`, `end_date`, `priority`, `clicked`, `target`, `seq`, `state`, `status`, `picture_replace`, `created`, `modified`) VALUES (1, 1, 'GIF', '示例广告1', 1, '', 'image/gif', 'attachment/sample/default/blue.gif', '', 152, 52, '', 0, 0, 0, 1, '_blank', 0, 1, 1, '', unix_timestamp(now()), 0);
INSERT INTO `pb_adses` (`id`, `adzone_id`, `title`, `description`, `is_image`, `source_name`, `source_type`, `source_url`, `target_url`, `width`, `height`, `alt_words`, `start_date`, `end_date`, `priority`, `clicked`, `target`, `seq`, `state`, `status`, `picture_replace`, `created`, `modified`) VALUES (2, 1, 'JPG', '示例广告2', 1, '', 'image/gif', 'attachment/sample/default/blue.gif', '', 152, 52, '', 0, 0, 0, 1, '_blank', 0, 1, 1, '', unix_timestamp(now()), 0);
INSERT INTO `pb_adses` (`id`, `adzone_id`, `title`, `description`, `is_image`, `source_name`, `source_type`, `source_url`, `target_url`, `width`, `height`, `alt_words`, `start_date`, `end_date`, `priority`, `clicked`, `target`, `seq`, `state`, `status`, `picture_replace`, `created`, `modified`) VALUES (3, 1, 'PNG', '示例广告3', 1, '', 'image/gif', 'attachment/sample/default/blue.gif', '', 152, 52, '', 0, 0, 0, 1, '_blank', 0, 1, 1, '', unix_timestamp(now()), 0);
INSERT INTO `pb_adses` (`id`, `adzone_id`, `title`, `description`, `is_image`, `source_name`, `source_type`, `source_url`, `target_url`, `width`, `height`, `alt_words`, `start_date`, `end_date`, `priority`, `clicked`, `target`, `seq`, `state`, `status`, `picture_replace`, `created`, `modified`) VALUES (4, 1, '示例广告4', '', 1, '', 'image/gif', 'attachment/sample/default/blue.gif', '', 152, 52, '', 0, 0, 0, 1, '_blank', 0, 1, 1, '', unix_timestamp(now()), 0);
INSERT INTO `pb_adses` (`id`, `adzone_id`, `title`, `description`, `is_image`, `source_name`, `source_type`, `source_url`, `target_url`, `width`, `height`, `alt_words`, `start_date`, `end_date`, `priority`, `clicked`, `target`, `seq`, `state`, `status`, `picture_replace`, `created`, `modified`) VALUES (5, 1, '示例广告5', 'PNG', 1, '', 'image/gif', 'attachment/sample/default/blue.gif', '', 152, 52, '', 0, 0, 0, 1, '_blank', 0, 1, 1, '', unix_timestamp(now()), 0);
INSERT INTO `pb_adses` (`id`, `adzone_id`, `title`, `description`, `is_image`, `source_name`, `source_type`, `source_url`, `target_url`, `width`, `height`, `alt_words`, `start_date`, `end_date`, `priority`, `clicked`, `target`, `seq`, `state`, `status`, `picture_replace`, `created`, `modified`) VALUES (6, 1, '示例广告6', '', 1, '', 'image/gif', 'attachment/sample/default/blue.gif', '', 152, 52, '', 0, 0, 0, 1, '_blank', 0, 1, 1, '', unix_timestamp(now()), 0);
INSERT INTO `pb_adses` (`id`, `adzone_id`, `title`, `description`, `is_image`, `source_name`, `source_type`, `source_url`, `target_url`, `width`, `height`, `alt_words`, `start_date`, `end_date`, `priority`, `clicked`, `target`, `seq`, `state`, `status`, `picture_replace`, `created`, `modified`) VALUES (7, 2, '新一代行业电子商务平台', '', 1, '', 'image/pjpeg', 'attachment/sample/example_958.jpg', 'http://www.phpb2b.com', 958, 62, '', unix_timestamp(now()), 0, 0, 1, '_blank', 0, 1, 1, 'attachment/sample/example_958.jpg', unix_timestamp(now()), 0);
INSERT INTO `pb_adses` (`id`, `adzone_id`, `title`, `description`, `is_image`, `source_name`, `source_type`, `source_url`, `target_url`, `width`, `height`, `alt_words`, `start_date`, `end_date`, `priority`, `clicked`, `target`, `seq`, `state`, `status`, `picture_replace`, `created`, `modified`) VALUES (8, 3, '商机广告', '', 1, '', 'image/pjpeg', 'attachment/sample/breathe-offer1.jpg', '', 477, 170, '', unix_timestamp(now()), 0, 0, 1, '_blank', 0, 1, 1, 'images/nopicture_small.gif', unix_timestamp(now()), 0);
INSERT INTO `pb_adses` (`id`, `adzone_id`, `title`, `description`, `is_image`, `source_name`, `source_type`, `source_url`, `target_url`, `width`, `height`, `alt_words`, `start_date`, `end_date`, `priority`, `clicked`, `target`, `seq`, `state`, `status`, `picture_replace`, `created`, `modified`) VALUES (9, 3, '欢迎注册', '注册', 1, '', 'image/pjpeg', 'attachment/sample/breathe-offer2.jpg', '', 477, 170, '', unix_timestamp(now()), unix_timestamp(now())+86400, 0, 1, '_blank', 0, 1, 1, 'images/nopicture_small.gif', unix_timestamp(now()), 0);
INSERT INTO `pb_adses` (`id`, `adzone_id`, `title`, `description`, `is_image`, `source_name`, `source_type`, `source_url`, `target_url`, `width`, `height`, `alt_words`, `start_date`, `end_date`, `priority`, `clicked`, `target`, `seq`, `state`, `status`, `picture_replace`, `created`, `modified`) VALUES (15, 4, '产品首页大图', '', 1, '', 'image/pjpeg', 'attachment/sample/breathe-product1.jpg', '', 500, 200, '', unix_timestamp(now()), 0, 0, 1, '_blank', 0, 1, 1, 'images/nopicture_small.gif', unix_timestamp(now()), 0);
INSERT INTO `pb_adses` (`id`, `adzone_id`, `title`, `description`, `is_image`, `source_name`, `source_type`, `source_url`, `target_url`, `width`, `height`, `alt_words`, `start_date`, `end_date`, `priority`, `clicked`, `target`, `seq`, `state`, `status`, `picture_replace`, `created`, `modified`) VALUES (16, 5, '首页大图', '', 1, '', 'image/pjpeg', 'attachment/sample/breathe-index1.jpg', '', 500, 200, '', unix_timestamp(now()), 0, 0, 1, '_blank', 0, 1, 1, 'images/nopicture_small.gif', unix_timestamp(now()), 0);
INSERT INTO `pb_adses` (`id`, `adzone_id`, `title`, `description`, `is_image`, `source_name`, `source_type`, `source_url`, `target_url`, `width`, `height`, `alt_words`, `start_date`, `end_date`, `priority`, `clicked`, `target`, `seq`, `state`, `status`, `picture_replace`, `created`, `modified`) VALUES (18, 4, '加入会员商机无限', '', 1, '', 'image/pjpeg', 'attachment/sample/breathe-product2.jpg', '', 570, 170, '', unix_timestamp(now()), 0, 0, 1, '_blank', 0, 1, 1, 'images/nopicture_small.gif', unix_timestamp(now()), 0);
INSERT INTO `pb_adses` (`id`, `adzone_id`, `title`, `description`, `is_image`, `source_name`, `source_type`, `source_url`, `target_url`, `width`, `height`, `alt_words`, `start_date`, `end_date`, `priority`, `clicked`, `target`, `seq`, `state`, `status`, `picture_replace`, `created`, `modified`) VALUES (17, 5, '会员广告', 'asdf', 1, '', 'image/pjpeg', 'attachment/sample/breathe-index2.jpg', '', 500, 200, '', unix_timestamp(now()), 0, 0, 1, '_blank', 0, 1, 1, 'images/nopicture_small.gif', unix_timestamp(now()), 0);

-- 
-- 导出表中的数据 `pb_adzones`
-- 

INSERT INTO `pb_adzones` (`id`, `membergroup_ids`, `what`, `style`, `name`, `description`, `additional_adwords`, `price`, `file_name`, `width`, `height`, `wrap`, `max_ad`, `created`, `modified`) VALUES 
(1, '8,9', '1', 0, '首页顶部小图片广告', '6个图片一行，首页显示', '', '1,234元/月', 'index.php', 760, 52, 6, 12, 0, 1261133418),
(2, '0', '2', 0, '首页横幅广告', '免费开源，支持多国语言，友邻B2B', '<script type="text/javascript"><!--\\r\\ngoogle_ad_client = "pub-3644891845756714";\\r\\n/* This is a ad sample, change it in admin panel */\\r\\ngoogle_ad_slot = "2369135211";\\r\\ngoogle_ad_width = 728;\\r\\ngoogle_ad_height = 90;\\r\\n//--></script>\\r\\n<script type="text/javascript"src="http://pagead2.googlesyndication.com/pagead/show_ads.js"></script>\\r\\n', '3000', 'index.php', 958, 62, 0, 0, 1265678633, 1273158424),
(3, '', '1', 1, '商机首页广告', '找商机首页', '', '1000', '', 380, 270, 0, 0, 1271760815, 1273157527),
(4, '', '1', 1, '产品首页广告', '', '', '', '', 570, 170, 0, 0, 1272349339, 1273157343),
(5, '', '1', 1, '首页大图广告', '首页宣传', '', '', '', 473, 170, 0, 0, 1273156673, 1273157006);

-- 
-- 导出表中的数据 `pb_companies`
-- 

INSERT INTO `pb_companies` VALUES (1, 1, 'admin', 10, 0, '', 1, 11, 24, '1', '2', '3', 2, '友邻电子商务', '友邻B2B', 'UALINK', '', '张三', '4', 3, 1, 'a:1:{s:12:"templet_name";b:0;}', '北京银行', '12342143', '友邻', '4', '975542400', 5, '北京', '北京市东城区', '100010', '友邻', '', '北京市', '各企事业单位', '张三', 1, 4, '(086)10-84128912', '(086)10-84128912', '13012345678', 'service@phpb2b.com', 'http://www.phpb2b.com/', 'sample/company/1.jpg', 1, 'Z', 1, 1, unix_timestamp(now()), unix_timestamp(now()));

-- 
-- 导出表中的数据 `pb_membertypes`
-- 

INSERT INTO `pb_membertypes` VALUES (1, 7, '个人会员', '');
INSERT INTO `pb_membertypes` VALUES (2, 9, '企业会员', '');

-- 
-- 导出表中的数据 `pb_friendlinktypes`
-- 

INSERT INTO `pb_friendlinktypes` VALUES (1, '友情链接');
INSERT INTO `pb_friendlinktypes` VALUES (2, '合作伙伴');

-- 
-- 导出表中的数据 `pb_memberfields`
-- 

INSERT INTO `pb_memberfields` VALUES (1, 0, 0, 6, 7, 9, '张', '三', 1, '', '', '', '', '','', '', '', '', '', '', '', '', '127.0.0.1');
INSERT INTO `pb_memberfields` VALUES (2, 0, 0, 0, 0, 0, '李', '四', 0, '', '', '', '', '','', '', '', '', '', '', '', '', '127.0.0.1');

-- 
-- 导出表中的数据 `pb_members`
-- 

INSERT INTO `pb_members` VALUES (1, 'admin', 1, 'admin', '77963b7a931377ad4ab5ad6a9cd718aa', 'administrator@host.com', 77, 128, 0.00, '1,2', '1', '', 2, 10, unix_timestamp(now()), '', unix_timestamp(now()), unix_timestamp(now())+86400, 0, unix_timestamp(now()), 0);
INSERT INTO `pb_members` VALUES (2, 'athena', 1, 'athena', 'e10adc3949ba59abbe56e057f20f883e', 'administrator@host.com', 81, 80, 0.00, '1,2', '1', '', 2, 9, unix_timestamp(now()), '2130706433', unix_timestamp(now()), unix_timestamp(now())+86400, 0, unix_timestamp(now()), 0);

-- 
-- 导出表中的数据 `pb_navs`
-- 

INSERT INTO `pb_navs` (`id`, `parent_id`, `name`, `description`, `url`, `target`, `status`, `display_order`, `highlight`, `level`, `class_name`, `created`, `modified`) VALUES 
(1, 0, '首页', '', 'index.php', '_self', 1, 1, 0, 0, '', unix_timestamp(now()), 0),
(2, 0, '求购', '', 'buy/', '_self', 1, 2, 0, 0, '', unix_timestamp(now()), 0),
(3, 0, '供应', '', 'sell/', '_self', 1, 3, 0, 0, '', unix_timestamp(now()), 0),
(4, 0, '批发', '', 'offer/list.php?typeid=7&navid=4', '_self', 1, 4, 0, 0, '', unix_timestamp(now()), 0),
(5, 0, '产品报价', '', 'product/price.php', '_self', 1, 5, 0, 0, '', unix_timestamp(now()), 0),
(6, 0, '价格行情', '', 'market/quote.php', '_self', 1, 7, 0, 0, '', unix_timestamp(now()), 0),
(7, 0, '市场库', '', 'market/index.php', '_self', 1, 8, 0, 0, '', unix_timestamp(now()), 0),
(8, 0, '展会', '', 'fair/index.php', '_self', 1, 9, 0, 0, '', unix_timestamp(now()), 0),
(9, 0, '人才招聘', '', 'hr/index.php', '_self', 1, 10, 0, 0, '', unix_timestamp(now()), 0),
(10, 0, '品牌', '', 'brand.php', '_self', 1, 6, 0, 0, '', unix_timestamp(now()), 0),
(11, 0, '行业百科', '', 'dict/', '_self', 1, 11, 0, 0, '', unix_timestamp(now()), 0);

-- 
-- 导出表中的数据 `pb_plugins`
-- 

INSERT INTO `pb_plugins` (`id`, `name`, `title`, `description`, `copyright`, `version`, `pluginvar`, `available`, `created`, `modified`) VALUES 
(1, 'hello', '演示的插件', 'This is a demo version', 'PB TEAM', '1.0', 'a:5:{s:5:"movie";s:24:"plugins/hello/bcastr.swf";s:5:"width";s:3:"473";s:6:"height";s:3:"170";s:7:"bgcolor";s:7:"#ff0000";s:9:"flashvars";s:27:"xml=plugins/hello/hello.xml";}', 1, unix_timestamp(now()), 0),
(2, 'googlesitemap', 'Googlesitemap', '使用Google sitemap能提高网站/网页在SERP中的排名', 'PB TEAM', '1.0', 'a:1:{s:7:"lastmod";s:19:"2009-12-08 12:12:12";}', 1, 1260263957, 1260263957),
(3, 'vcastr', '企业视频展播', '此插件可以调用企业视频，使用方法见插件调用：<{plugin name="vcastr"}>', 'PB TEAM', '1.0', 'a:5:{s:5:"movie";s:27:"plugins/vcastr/vcastr22.swf";s:9:"flashvars";s:24:"plugins/vcastr/video.xml";s:5:"width";s:3:"410";s:6:"height";s:3:"190";s:10:"flashtitle";s:6:"PHPB2B";}', 1, unix_timestamp(now()), 0),
(4, 'qqservice', 'QQ在线客服', '本插件现支持在线QQ，在线MSN和邮件服务', 'PB TEAM', '1.0', 'a:4:{s:3:"url";s:22:"http://www.phpb2b.com/";s:5:"email";s:17:"steven@phpb2b.com";s:2:"qq";s:8:"47731473";s:3:"msn";s:21:"stevenchow811@163.com";}', 1, unix_timestamp(now()), 0),
(5, 'baidusitemap', '百度sitemap', '使用百度互联网论坛收录开放协议能提高网站流量', 'PB TEAM', '1.0', '', 1, unix_timestamp(now()), 0),
(6, 'okqq', 'QQ客服在线', 'QQ客服在线', 'PB TEAM', '1.0', NULL, 1, unix_timestamp(now()), 0),
(7, 'card', '企业名片', '通过flash展示企业名片，调用方法：<{plugin name="card"}>', 'PB_TEAM', '1.0.0', NULL, 1, unix_timestamp(now()), 0),
(8, 'translate', 'Google翻译插件', '使用Google翻译插件，建立及时翻译网站', 'PB TEAM', '1.0', NULL, 1, unix_timestamp(now()), 0),
(9, 'googlemap', 'Googlemap地图', '使用Google map企业地图', 'PB TEAM', '1.0', 'a:6:{s:3:"key";s:86:"ABQIAAAAnfs7bKE82qgb3Zc2YyS-oBT2yXp_ZAY8_ufC3CFXhHIE1NvwkxSySz_REpPq-4WZA27OwgbtyR3VcA";s:9:"zoomlevel";s:2:"15";s:5:"width";s:3:"500";s:6:"height";s:3:"500";s:3:"lat";s:18:"29.264911735066963";s:3:"lng";s:18:"120.24544715881347";}', 1, unix_timestamp(now()), 0),
(10, 'video', '视频播放插件', '视频播放插件，采用JW Player.', 'PB_TEAM', '1.0.0', 'a:4:{s:5:"movie";s:24:"plugins/video/player.swf";s:5:"width";s:3:"473";s:6:"height";s:3:"170";s:7:"bgcolor";s:7:"#ff0000";}', 1, unix_timestamp(now()), 0);

-- 
-- 导出表中的数据 `pb_settings`
-- 

INSERT INTO `pb_settings` (variable,valued) VALUES ('site_name', '友邻电子商务网');
INSERT INTO `pb_settings` (variable,valued) VALUES ('site_title', '友邻电子商务网的标题');
INSERT INTO `pb_settings` (variable,valued) VALUES ('site_banner_word', '最专业的行业电子商务网站');
INSERT INTO `pb_settings` (variable,valued) VALUES ('company_name', '网站的版权者');
INSERT INTO `pb_settings` (variable,valued) VALUES ('site_url', 'http://www.host.com/');
INSERT INTO `pb_settings` (variable,valued) VALUES ('icp_number', 'ICP备案号码');
INSERT INTO `pb_settings` (variable,valued) VALUES ('service_tel', '(86)10-84128912');
INSERT INTO `pb_settings` (variable,valued) VALUES ('sale_tel', '(86)10-84128912');
INSERT INTO `pb_settings` (variable,valued) VALUES ('service_qq', '100864825');
INSERT INTO `pb_settings` (variable,valued) VALUES ('service_msn', 'service@host.com');
INSERT INTO `pb_settings` (variable,valued) VALUES ('service_email', 'service@host.com');
INSERT INTO `pb_settings` (type_id,variable,valued) VALUES (1,'site_description', '网站的详细描述');
INSERT INTO `pb_settings` (variable,valued) VALUES ('cp_picture', '0');
INSERT INTO `pb_settings` (variable,valued) VALUES ('register_picture', '0');
INSERT INTO `pb_settings` (variable,valued) VALUES ('login_picture', '0');
INSERT INTO `pb_settings` (variable,valued) VALUES ('vispost_auth', '1');
INSERT INTO `pb_settings` (variable,valued) VALUES ('watermark', '1');
INSERT INTO `pb_settings` (variable,valued) VALUES ('watertext', 'athena');
INSERT INTO `pb_settings` (variable,valued) VALUES ('watercolor', '#990000');
INSERT INTO `pb_settings` (variable,valued) VALUES ('add_market_check', '1');
INSERT INTO `pb_settings` (variable,valued) VALUES ('regcheck', '0');
INSERT INTO `pb_settings` (variable,valued) VALUES ('vis_post', '1');
INSERT INTO `pb_settings` (variable,valued) VALUES ('vis_post_check', '1');
INSERT INTO `pb_settings` (variable,valued) VALUES ('sell_logincheck', '1');
INSERT INTO `pb_settings` (variable,valued) VALUES ('buy_logincheck', '0');
INSERT INTO `pb_settings` (variable,valued) VALUES ('install_dateline', unix_timestamp(now()));
INSERT INTO `pb_settings` (variable,valued) VALUES ('last_backup', unix_timestamp(now()));
INSERT INTO `pb_settings` (variable,valued) VALUES ('smtp_server', 'smtp.yourdomain.com');
INSERT INTO `pb_settings` (variable,valued) VALUES ('smtp_port', '25');
INSERT INTO `pb_settings` (variable,valued) VALUES ('smtp_auth', '1');
INSERT INTO `pb_settings` (variable,valued) VALUES ('mail_from', 'administrator@host.com');
INSERT INTO `pb_settings` (variable,valued) VALUES ('mail_fromwho', '网站管理员');
INSERT INTO `pb_settings` (variable,valued) VALUES ('auth_username', 'administrator@host.com');
INSERT INTO `pb_settings` (variable,valued) VALUES ('auth_password', 'password');
INSERT INTO `pb_settings` (variable,valued) VALUES ('send_mail', '2');
INSERT INTO `pb_settings` (variable,valued) VALUES ('sendmail_silent', '1');
INSERT INTO `pb_settings` (variable,valued) VALUES ('mail_delimiter', '0');
INSERT INTO `pb_settings` (variable,valued) VALUES ('reg_filename', 'register.php');
INSERT INTO `pb_settings` (variable,valued) VALUES ('new_userauth', '0');
INSERT INTO `pb_settings` (variable,valued) VALUES ('post_filename', 'post.php');
INSERT INTO `pb_settings` (variable,valued) VALUES ('forbid_ip', '');
INSERT INTO `pb_settings` (variable,valued) VALUES ('ip_reg_sep', '0');
INSERT INTO `pb_settings` (variable,valued) VALUES ('backup_dir', 'AbCdE');
INSERT INTO `pb_settings` (variable,valued) VALUES ('capt_logging', '0');
INSERT INTO `pb_settings` (variable,valued) VALUES ('capt_register', '1');
INSERT INTO `pb_settings` (variable,valued) VALUES ('capt_post_free', '0');
INSERT INTO `pb_settings` (variable,valued) VALUES ('capt_add_market', '1');
INSERT INTO `pb_settings` (variable,valued) VALUES ('capt_login_admin', '0');
INSERT INTO `pb_settings` (variable,valued) VALUES ('capt_apply_friendlink', '1');
INSERT INTO `pb_settings` (variable,valued) VALUES ('capt_service', '1');
INSERT INTO `pb_settings` (variable,valued) VALUES ('backup_type', '1');
INSERT INTO `pb_settings` (variable,valued) VALUES ('register_type', 'open_common_reg');
INSERT INTO `pb_settings` (variable,valued) VALUES ('auth_key', '');
INSERT INTO `pb_settings` (variable,valued) VALUES ('keyword_bidding', '0');
INSERT INTO `pb_settings` (variable,valued) VALUES ('passport_support', '0');
INSERT INTO `pb_settings` (variable,valued) VALUES ('site_logo', 'images/logo.jpg');

-- 
-- 导出表中的数据 `pb_friendlinks`
-- 

INSERT INTO `pb_friendlinks` VALUES (1, 1, 0, 0, 'Ualink', '', 'http://www.phpb2b.com/', 0, 1, '', unix_timestamp(now()), 0);
INSERT INTO `pb_friendlinks` VALUES (2, 2, 0, 0, 'Ualink 电子商务网演示', '', 'http://demo.phpb2b.com/', 0, 1, '', unix_timestamp(now()), 0);

-- 
-- 导出表中的数据 `pb_tradetypes`
-- 

INSERT INTO `pb_tradetypes` VALUES (1,0, '求购', 1,0);
INSERT INTO `pb_tradetypes` VALUES (2, 0,'供应', 1,0);
INSERT INTO `pb_tradetypes` VALUES (3,0, '代理', 1,0);
INSERT INTO `pb_tradetypes` VALUES (4, 0,'合作', 1,0);
INSERT INTO `pb_tradetypes` VALUES (5,0, '招商', 1,0);
INSERT INTO `pb_tradetypes` VALUES (6,0, '加盟', 1,0);
INSERT INTO `pb_tradetypes` VALUES (7,0, '批发', 1,0);
INSERT INTO `pb_tradetypes` VALUES (8,0, '库存', 1,0);

-- 
-- 导出表中的数据 `pb_typemodels`
-- 

INSERT INTO `pb_typemodels` (`id`, `title`, `type_name`) VALUES 
(1, '过期时间', 'offer_expire'),
(2, '公司类型', 'manage_type'),
(3, '主要市场', 'main_market'),
(4, '注册资金', 'reg_fund'),
(5, '年营业额', 'year_annual'),
(6, '经济类型', 'economic_type'),
(7, '审核状态', 'check_status'),
(8, '员工人数', 'employee_amount'),
(9, '状态', 'common_status'),
(10, '建议类型', 'service_type'),
(11, '教育经历', 'education'),
(12, '薪资水平', 'salary'),
(13, '工作性质', 'work_type'),
(14, '职位名称', 'position'),
(15, '性别', 'gender'),
(16, '电话类别', 'phone_type'),
(17, '即时通讯类别', 'im_type'),
(18, '选项', 'common_option'),
(19, '尊称', 'calls'),
(20, '计量单位', 'measuring'),
(21, '货币单位', 'monetary'),
(22, '报价类型', 'price_type'),
(23, '价格趋势', 'price_trends');

-- 
-- 导出表中的数据 `pb_typeoptions`
-- 

INSERT INTO `pb_typeoptions` (`id`, `typemodel_id`, `option_value`, `option_label`) VALUES 
(1, 1, '10', '10天'),
(2, 1, '30', '一个月'),
(3, 1, '90', '三个月'),
(4, 1, '180', '六个月'),
(5, 2, '1', '生产型'),
(6, 2, '2', '贸易型'),
(7, 2, '3', '服务型'),
(8, 2, '4', '政府或其他机构'),
(9, 3, '1', '大陆'),
(10, 3, '2', '港澳台'),
(11, 3, '3', '北美'),
(12, 3, '4', '南美'),
(13, 3, '5', '欧洲'),
(14, 3, '6', '亚洲'),
(15, 3, '7', '非洲'),
(16, 3, '8', '大洋洲'),
(17, 3, '9', '其他市场'),
(18, 4, '0', '不公开'),
(19, 4, '1', '人民币10万元以下'),
(20, 4, '2', '人民币10-30万'),
(21, 4, '3', '人民币30-50万'),
(22, 4, '4', '人民币50-100万'),
(23, 4, '5', '人民币100-300万'),
(24, 4, '6', '人民币300-500万'),
(25, 4, '7', '人民币500-1000万'),
(26, 4, '8', '人民币1000-5000万'),
(27, 4, '9', '人民币5000万以上'),
(28, 4, '10', '其他'),
(29, 5, '1', '人民币10万以下/年'),
(30, 5, '2', '人民币10-30万/年'),
(31, 5, '3', '人民币30-50万/年'),
(32, 5, '4', '人民币50-100万/年'),
(33, 5, '5', '人民币100-300万/年'),
(34, 5, '6', '人民币300-500万/年'),
(35, 5, '7', '人民币500-1000万/年'),
(36, 5, '8', '人民币1000-5000万/年'),
(37, 5, '9', '人民币5000万以上/年'),
(38, 5, '10', '其他'),
(39, 6, '1', '国有企业'),
(40, 6, '2', '集体企业'),
(41, 6, '3', '股份合作企业'),
(42, 6, '4', '联营企业'),
(43, 6, '5', '有限责任公司'),
(44, 6, '6', '股份有限公司'),
(45, 6, '7', '私营企业'),
(46, 6, '8', '个人独资企业'),
(47, 6, '9', '非盈利组织'),
(48, 6, '10', '其他'),
(49, 7, '0', '无效'),
(50, 7, '1', '有效'),
(51, 7, '2', '等待审核'),
(52, 7, '3', '审核不通过'),
(53, 8, '1', '5人以下'),
(54, 8, '2', '5-10人'),
(55, 8, '3', '11-50人'),
(56, 8, '4', '51-100人'),
(57, 8, '5', '101-500人'),
(58, 8, '6', '501-1000人'),
(59, 8, '7', '1000人以上'),
(60, 10, '1', '咨询'),
(61, 10, '2', '建议'),
(62, 10, '3', '投诉'),
(63, 11, '0', '其他'),
(64, 11, '-1', '不要求'),
(65, 11, '-2', '不限'),
(66, 11, '1', '博士'),
(67, 11, '2', '硕士'),
(68, 11, '3', '本科'),
(69, 11, '4', '大专'),
(70, 11, '5', '中专'),
(71, 11, '6', '技校'),
(72, 11, '7', '高中'),
(73, 11, '8', '初中'),
(74, 11, '9', '小学'),
(75, 12, '0', '不选择'),
(76, 12, '-1', '面议'),
(77, 12, '1', '1500以下'),
(78, 12, '2', '1500-1999元/月'),
(79, 12, '3', '2000-2999元/月'),
(80, 12, '4', '3000-4999元/月'),
(81, 12, '5', '5000以上'),
(82, 13, '0', '不选择'),
(83, 13, '1', '全职'),
(84, 13, '2', '兼职'),
(85, 13, '3', '临时'),
(86, 13, '4', '实习'),
(87, 13, '5', '其他'),
(88, 14, '0', '不选择'),
(89, 14, '1', '董事长、总裁及副职，企业主、企业合伙人，总经理/副总经理'),
(90, 14, '2', '行政部门经理/行政人员'),
(91, 14, '3', '技术部门经理/技术人员'),
(92, 14, '4', '生产部门经理/生产人员'),
(93, 14, '5', '市场部门经理/市场人员'),
(94, 14, '6', '采购部门经理/采购人员'),
(95, 14, '7', '销售部门经理/销售人员'),
(96, 14, '8', '其他'),
(97, 15, '0', '不选择'),
(98, 15, '1', '男'),
(99, 15, '2', '女'),
(100, 15, '-1', '不限'),
(101, 16, '1', '移动电话'),
(102, 16, '2', '住宅电话'),
(103, 16, '3', '商务电话'),
(104, 16, '4', '其他'),
(105, 17, '1', 'QQ'),
(106, 17, '2', 'ICQ'),
(107, 17, '3', 'MSN Messenger'),
(108, 17, '4', 'Yahoo Messenger'),
(109, 17, '5', 'Skype'),
(110, 17, '6', '其他'),
(111, 17, '0', '不选择'),
(112, 16, '0', '不选择'),
(113, 6, '0', '不选择'),
(114, 9, '0', '无效'),
(115, 9, '1', '有效'),
(116, 18, '0', '否'),
(117, 18, '1', '是'),
(118, 19, '1', '先生'),
(119, 19, '2', '女士'),
(120, 20, '1', '个'),
(121, 20, '2', '件'),
(122, 21, '1', '元'),
(123, 21, '3', '美元'),
(124, 22, '1', '买'),
(125, 22, '2', '卖'),
(126, 23, '1', '升'),
(127, 23, '2', '稳'),
(128, 23, '3', '降'),
(129, 23, '4', '不确定'),
(130, 21, '2', '万元');


-- 
-- 导出表中的数据 `pb_userpages`
-- 

INSERT INTO `pb_userpages` VALUES (1, '','aboutus', '关于我们', '', '关于网站的说明', '', 0, unix_timestamp(now()), unix_timestamp(now()));
INSERT INTO `pb_userpages` VALUES (2, '','contactus', '联系我们', '', '联系方式', '', 0, unix_timestamp(now()), unix_timestamp(now()));
INSERT INTO `pb_userpages` VALUES (3, '','aboutads', '广告服务', '', '广告以及价格的说明', '', 0, unix_timestamp(now()), unix_timestamp(now()));
INSERT INTO `pb_userpages` VALUES (4, '','sitemap', '网站地图', '', '网站站内地图', 'sitemap.php', 0, unix_timestamp(now()), unix_timestamp(now()));
INSERT INTO `pb_userpages` VALUES (5, '','agreement', '法律声明', '', '法律声明', 'agreement.php', 0, unix_timestamp(now()), 0);
INSERT INTO `pb_userpages` VALUES (6, '','friendlink', '友情链接', '', '申请友情链接', 'friendlink.php', 0, unix_timestamp(now()), 0);
INSERT INTO `pb_userpages` VALUES (7, '','help', '帮助中心', '', '帮助中心', '', 0, unix_timestamp(now()), unix_timestamp(now()));
INSERT INTO `pb_userpages` VALUES (8, '','service', '意见投诉', '', '意见与建议、投诉', '', 0, unix_timestamp(now()), unix_timestamp(now()));
INSERT INTO `pb_userpages` VALUES (9, '','special', '分站专题', '', '行业或者地区分站', 'special/', 0, unix_timestamp(now()), unix_timestamp(now()));

-- 
-- 导出表中的数据 `pb_forms`
-- 

INSERT INTO `pb_forms` VALUES (1, 1, '供求自定义字段', '1,2,3,4,5,6');
INSERT INTO `pb_forms` VALUES (2, 2, '产品自定义字段', '1,2,3,4,5,6');

-- 
-- 导出表中的数据 `pb_formitems`
-- 

INSERT INTO `pb_formitems` VALUES (1, 0, '产品数量', '', 'product_quantity', 'text', '', 0);
INSERT INTO `pb_formitems` VALUES (2, 0, '包装说明', '', 'packing', 'text', '', 0);
INSERT INTO `pb_formitems` VALUES (3, 0, '价格说明', '', 'product_price', 'text', '', 0);
INSERT INTO `pb_formitems` VALUES (4, 0, '产品规格', '', 'product_specification', 'text', '', 0);
INSERT INTO `pb_formitems` VALUES (5, 0, '产品编号', '', 'serial_number', 'text', '', 0);
INSERT INTO `pb_formitems` VALUES (6, 0, '产地', '', 'production_place', 'text', '', 0);

-- 
-- 导出表中的数据 `pb_templets`
-- 

INSERT INTO `pb_templets` VALUES (1, 'default', '友邻B2B默认模板套系', 'skins/default/', 'user', '友邻电子商务科技有限公司', '友邻B2B默认模板套系', 1, '0', '0', 1);
INSERT INTO `pb_templets` VALUES (2, 'orange', '橙色系列模板', 'skins/orange/', 'user', 'PB TEAM', '适合医疗企事业', 0, '0', '0', 1);
INSERT INTO `pb_templets` VALUES (3, 'brown', '棕色系列模板', 'skins/brown/', 'user', 'PB TEAM', '适合工业企业', 0, '0', '0', 1);
INSERT INTO `pb_templets` VALUES (4, 'green', '绿色系列模板', 'skins/green/', 'user', 'PB TEAM', '适合农产品网站', 0, '0', '0', 1);
INSERT INTO `pb_templets` VALUES (5, 'red', '红色系列模板', 'skins/red/', 'user', 'PB TEAM', '适合中小企业', 0, '0', '0', 1);

-- 
-- 导出表中的数据 `pb_membergroups`
-- 

INSERT INTO `pb_membergroups` (`id`, `membertype_id`, `name`, `description`, `type`, `system`, `picture`, `point_max`, `point_min`, `max_offer`, `max_product`, `max_job`, `max_companynews`, `max_producttype`, `max_album`, `max_attach_size`, `max_size_perday`, `max_favorite`, `is_default`, `allow_offer`, `allow_market`, `allow_company`, `allow_product`, `allow_job`, `allow_companynews`, `allow_album`, `allow_space`, `default_live_time`, `after_live_time`, `exempt`, `created`, `modified`) VALUES 
(1, 1, '非正式会员', '', 'system', 'private', 'informal.gif', 0, -32767, 0, 0, 0, 0, 0, 0, 0, 0, 0, 0, 0, 0, 0, 0, 0, 0, 0, 1, 0, 2, 0, 0, 1274002638),
(2, 1, '正式会员', '', 'system', 'private', 'formal.gif', 32767, 0, 0, 0, 0, 0, 0, 0, 0, 0, 0, 0, 0, 0, 0, 1, 0, 0, 0, 1, 0, 2, 25, 0, 1274002638),
(3, 1, '待审核会员', '等待验证', 'special', 'private', 'special_checking.gif', 0, 0, 0, 0, 0, 0, 3, 0, 0, 0, 0, 0, 1, 1, 1, 1, 1, 1, 1, 1, 1, 2, 0, 0, 1274002638),
(4, 1, '禁止访问', '禁止访问网站', 'special', 'private', 'special_novisit.gif', 0, 0, 0, 0, 0, 0, 3, 0, 0, 0, 0, 0, 1, 1, 1, 1, 1, 1, 1, 1, 1, 2, 0, 0, 1274002638),
(5, 1, '禁止发布', '禁止在商务室发表任何信息', 'special', 'private', 'special_noperm.gif', 0, 0, 0, 0, 0, 0, 3, 0, 0, 0, 0, 0, 1, 1, 1, 1, 1, 1, 1, 1, 1, 2, 0, 0, 1274002638),
(6, 1, '禁止登陆', '禁止登陆商务室', 'special', 'private', 'special_nologin.gif', 0, 0, 0, 0, 0, 0, 3, 0, 0, 0, 0, 0, 1, 1, 1, 1, 1, 1, 1, 1, 1, 2, 0, 0, 1274002638),
(7, 1, '普通会员', '普通级别会员', 'define', 'public', 'copper.gif', 0, 0, 5, 0, 0, 0, 3, 0, 0, 0, 0, 1, 2, 1, 1, 1, 1, 1, 1, 0, 1, 8, 24, 0, 1274002638),
(8, 1, '正式会员', '个人会员', 'define', 'public', 'silver.gif', 0, 0, 0, 0, 0, 0, 3, 0, 0, 0, 0, 0, 1, 1, 1, 1, 1, 1, 1, 1, 2, 6, 25, 0, 1274002638),
(9, 2, '企业会员', '企业会员一般此级别', 'define', 'public', 'gold.gif', 0, 0, 2, 2, 0, 0, 3, 0, 0, 0, 0, 0, 2, 2, 2, 2, 2, 2, 2, 1, 1, 2, 31, 0, 1274002638),
(10, 2, 'VIP会员', '高级企业会员', 'define', 'public', 'vip.gif', 0, 0, 0, 0, 0, 0, 3, 0, 0, 0, 0, 0, 3, 3, 3, 3, 3, 3, 3, 1, 1, 2, 31, 0, 1274002638);

INSERT INTO `pb_productsorts` (`id`, `name`, `display_order`) VALUES 
(1, '最新产品', 0),
(2, '库存产品', 0),
(3, '普通产品', 0);

-- 
-- 导出表中的数据 `pb_trusttypes`
-- 

INSERT INTO `pb_trusttypes` (`id`, `name`, `description`, `image`, `display_order`, `status`) VALUES 
(2, '企业资质认证', NULL, 'company.gif', 0, 1),
(1, '实名认证', NULL, 'truename.gif', 0, 1);

-- 
-- 导出表中的数据 `pb_albumtypes`
-- 

INSERT INTO `pb_albumtypes` (`id`, `name`, `display_order`) VALUES 
(1, '企业相册', 0),
(2, '产品图片', 0),
(3, '广告宣传', 0);